"Player","Rating","Games","1st","2nd","3rd","4th","5th","6th","7th","8th","9th","10th","11th","12th","13th","14th","15th","16th","17th","18th","19th","20th","Lag"
9367417,2033.43090993385,36,11,8,0,0,0,0,0,0,0,0,0,0,0,0,0,0,0,0,0,0,155
6781232,1773.0265378096,16,5,2,0,0,0,0,0,0,0,0,0,0,0,0,0,0,0,0,0,0,231
15858332,1768.74861836084,30,1,1,0,0,0,0,0,0,0,0,0,0,0,0,0,0,0,0,0,0,22
12941954,1768.3626167609,21,11,4,0,0,0,0,0,0,0,0,0,0,0,0,0,0,0,0,0,0,34
10910261,1764.8522875419,16,3,3,0,0,0,0,0,0,0,0,0,0,0,0,0,0,0,0,0,0,231
7989469,1760.25391328622,16,7,3,0,0,0,0,0,0,0,0,0,0,0,0,0,0,0,0,0,0,65
11021073,1754.46967504275,12,3,2,0,0,0,0,0,0,0,0,0,0,0,0,0,0,0,0,0,0,17
18948749,1734.65501530662,18,2,1,0,0,0,0,0,0,0,0,0,0,0,0,0,0,0,0,0,0,155
11234706,1732.7558292242,22,0,3,0,0,0,0,0,0,0,0,0,0,0,0,0,0,0,0,0,0,22
12805967,1732.69648951013,11,2,1,0,0,0,0,0,0,0,0,0,0,0,0,0,0,0,0,0,0,22
4383303,1732.4163373043,11,2,0,0,0,0,0,0,0,0,0,0,0,0,0,0,0,0,0,0,0,22
11889106,1730.37472438926,16,2,2,0,0,0,0,0,0,0,0,0,0,0,0,0,0,0,0,0,0,231
10542491,1721.38152896121,18,0,3,0,0,0,0,0,0,0,0,0,0,0,0,0,0,0,0,0,0,155
22461441,1713.26734907865,9,8,0,0,0,0,0,0,0,0,0,0,0,0,0,0,0,0,0,0,0,110
13972957,1709.57194484679,15,4,4,0,0,0,0,0,0,0,0,0,0,0,0,0,0,0,0,0,0,8
18781432,1707.1740439648,12,1,4,0,0,0,0,0,0,0,0,0,0,0,0,0,0,0,0,0,0,186
2165650,1705.35310649268,9,4,4,0,0,0,0,0,0,0,0,0,0,0,0,0,0,0,0,0,0,195
9098192,1703.70862149159,20,4,3,0,0,0,0,0,0,0,0,0,0,0,0,0,0,0,0,0,0,8
11688228,1701.3195274813,11,2,1,0,0,0,0,0,0,0,0,0,0,0,0,0,0,0,0,0,0,17
4755314,1694.12182680283,10,3,4,0,0,0,0,0,0,0,0,0,0,0,0,0,0,0,0,0,0,217
14977562,1693.96944282564,9,1,1,0,0,0,0,0,0,0,0,0,0,0,0,0,0,0,0,0,0,138
16320893,1690.15214096786,15,5,2,0,0,0,0,0,0,0,0,0,0,0,0,0,0,0,0,0,0,139
7373182,1684.64838608711,16,1,1,0,0,0,0,0,0,0,0,0,0,0,0,0,0,0,0,0,0,231
16128060,1680.81812745024,32,0,2,0,0,0,0,0,0,0,0,0,0,0,0,0,0,0,0,0,0,138
6303313,1679.64770765987,8,3,2,0,0,0,0,0,0,0,0,0,0,0,0,0,0,0,0,0,0,217
14030856,1678.1666099256,10,0,1,0,0,0,0,0,0,0,0,0,0,0,0,0,0,0,0,0,0,164
10143086,1676.00199686394,12,0,2,0,0,0,0,0,0,0,0,0,0,0,0,0,0,0,0,0,0,17
17958319,1672.73571806156,16,1,1,0,0,0,0,0,0,0,0,0,0,0,0,0,0,0,0,0,0,231
13310147,1671.01048479616,10,1,5,0,0,0,0,0,0,0,0,0,0,0,0,0,0,0,0,0,0,115
29189596,1662.0382573404,10,5,3,0,0,0,0,0,0,0,0,0,0,0,0,0,0,0,0,0,0,114
5413624,1652.25002027737,9,3,2,0,0,0,0,0,0,0,0,0,0,0,0,0,0,0,0,0,0,195
9074108,1649.62799842497,12,1,0,0,0,0,0,0,0,0,0,0,0,0,0,0,0,0,0,0,0,22
23988536,1634.41072884085,17,0,0,0,0,0,0,0,0,0,0,0,0,0,0,0,0,0,0,0,0,155
19884809,1633.76387733412,7,1,0,0,0,0,0,0,0,0,0,0,0,0,0,0,0,0,0,0,0,152
6790404,1628.85283274929,10,1,1,0,0,0,0,0,0,0,0,0,0,0,0,0,0,0,0,0,0,138
14053835,1628.46355505175,16,0,3,0,0,0,0,0,0,0,0,0,0,0,0,0,0,0,0,0,0,231
16227745,1626.74374666293,9,2,1,0,0,0,0,0,0,0,0,0,0,0,0,0,0,0,0,0,0,195
4571123,1620.92708461593,5,2,1,0,0,0,0,0,0,0,0,0,0,0,0,0,0,0,0,0,0,125
16094871,1619.73280833169,11,1,0,0,0,0,0,0,0,0,0,0,0,0,0,0,0,0,0,0,0,17
6643511,1616.61642025316,12,0,1,0,0,0,0,0,0,0,0,0,0,0,0,0,0,0,0,0,0,22
13767572,1613.04384803168,4,4,0,0,0,0,0,0,0,0,0,0,0,0,0,0,0,0,0,0,0,4
5449433,1612.7510805862,5,2,0,0,0,0,0,0,0,0,0,0,0,0,0,0,0,0,0,0,0,138
6025925,1612.74831776443,16,0,0,0,0,0,0,0,0,0,0,0,0,0,0,0,0,0,0,0,0,231
3929529,1607.17642711521,8,4,4,0,0,0,0,0,0,0,0,0,0,0,0,0,0,0,0,0,0,50
11194087,1606.688249396,8,1,1,0,0,0,0,0,0,0,0,0,0,0,0,0,0,0,0,0,0,23
7717845,1606.00624139921,7,0,1,0,0,0,0,0,0,0,0,0,0,0,0,0,0,0,0,0,0,217
19974935,1604.64489577609,11,0,0,0,0,0,0,0,0,0,0,0,0,0,0,0,0,0,0,0,0,22
14953642,1602.99173599215,6,0,0,0,0,0,0,0,0,0,0,0,0,0,0,0,0,0,0,0,0,138
13281473,1602.4707873008,4,2,0,0,0,0,0,0,0,0,0,0,0,0,0,0,0,0,0,0,0,63
13467691,1601.70665542419,22,0,1,0,0,0,0,0,0,0,0,0,0,0,0,0,0,0,0,0,0,22
8699021,1597.592458417,4,3,0,0,0,0,0,0,0,0,0,0,0,0,0,0,0,0,0,0,0,40
11405734,1597.18443925572,4,1,1,0,0,0,0,0,0,0,0,0,0,0,0,0,0,0,0,0,0,63
9938943,1595.96938461037,4,3,1,0,0,0,0,0,0,0,0,0,0,0,0,0,0,0,0,0,0,222
26796620,1595.3608305035,4,3,1,0,0,0,0,0,0,0,0,0,0,0,0,0,0,0,0,0,0,185
15846736,1591.95082085033,4,1,1,0,0,0,0,0,0,0,0,0,0,0,0,0,0,0,0,0,0,63
16748549,1591.33344656732,27,0,0,0,0,0,0,0,0,0,0,0,0,0,0,0,0,0,0,0,0,138
20087811,1588.10956322961,5,0,2,0,0,0,0,0,0,0,0,0,0,0,0,0,0,0,0,0,0,30
19364028,1584.38142832252,15,1,0,0,0,0,0,0,0,0,0,0,0,0,0,0,0,0,0,0,0,8
9523661,1576.80935837597,6,0,0,0,0,0,0,0,0,0,0,0,0,0,0,0,0,0,0,0,0,217
10634348,1574.99249806856,10,1,0,0,0,0,0,0,0,0,0,0,0,0,0,0,0,0,0,0,0,38
14472389,1574.62553304412,7,0,2,0,0,0,0,0,0,0,0,0,0,0,0,0,0,0,0,0,0,182
11255340,1573.12324282608,4,1,1,0,0,0,1,0,0,0,0,0,0,0,0,0,0,0,0,0,0,0
17911347,1568.32536276013,3,2,1,0,0,0,0,0,0,0,0,0,0,0,0,0,0,0,0,0,0,80
13381374,1567.71315070799,16,0,0,0,0,0,0,0,0,0,0,0,0,0,0,0,0,0,0,0,0,138
11119010,1566.06062982155,9,0,3,0,0,0,0,0,0,0,0,0,0,0,0,0,0,0,0,0,0,34
6036351,1563.7697512093,3,2,0,0,0,0,0,0,0,0,0,0,0,0,0,0,0,0,0,0,0,50
13516784,1563.27543318146,16,0,1,0,0,0,0,0,0,0,0,0,0,0,0,0,0,0,0,0,0,231
13826244,1562.63481148609,7,1,0,0,0,0,0,0,0,0,0,0,0,0,0,0,0,0,0,0,0,23
8726490,1562.61197421064,5,3,1,0,0,0,0,0,0,0,0,0,0,0,0,0,0,0,0,0,0,78
8077264,1561.28026796409,5,0,0,0,0,0,0,0,0,0,0,0,0,0,0,0,0,0,0,0,0,30
9560694,1559.32952346964,2,2,0,0,0,0,0,0,0,0,0,0,0,0,0,0,0,0,0,0,0,0
11718072,1557.69690822794,20,1,1,0,0,0,0,0,0,0,0,0,0,0,0,0,0,0,0,0,0,22
23180405,1556.91763460857,4,0,0,0,0,0,0,0,0,0,0,0,0,0,0,0,0,0,0,0,0,66
17405526,1556.8558841939,2,1,1,0,0,0,0,0,0,0,0,0,0,0,0,0,0,0,0,0,0,69
17979410,1555.96190936352,7,0,2,0,0,0,0,0,0,0,0,0,0,0,0,0,0,0,0,0,0,139
13141032,1554.12437989188,11,0,0,0,0,0,0,0,0,0,0,0,0,0,0,0,0,0,0,0,0,17
12125203,1553.81347601628,6,4,1,0,0,0,0,0,0,0,0,0,0,0,0,0,0,0,0,0,0,69
9834366,1553.54886332828,3,0,1,0,0,0,0,0,0,0,0,0,0,0,0,0,0,0,0,0,0,139
12537417,1551.53368641855,2,0,1,0,0,0,0,0,0,0,0,0,0,0,0,0,0,0,0,0,0,38
2541804,1551.21852971622,3,1,0,0,0,0,0,0,0,0,0,0,0,0,0,0,0,0,0,0,0,182
10701875,1550.73826907225,16,0,0,0,0,0,0,0,0,0,0,0,0,0,0,0,0,0,0,0,0,138
10676573,1550.38202342306,2,0,0,0,0,0,0,0,0,0,0,0,0,0,0,0,0,0,0,0,0,22
9323821,1549.61396559264,3,1,0,0,0,0,0,0,0,0,0,0,0,0,0,0,0,0,0,0,0,50
10290641,1549.23688301001,12,0,0,0,0,0,0,0,0,0,0,0,0,0,0,0,0,0,0,0,0,22
9091312,1548.90821199645,5,1,0,0,0,0,0,0,0,0,0,0,0,0,0,0,0,0,0,0,0,125
8364754,1547.01641722788,2,1,0,0,0,0,0,0,0,0,0,0,0,0,0,0,0,0,0,0,0,15
14897088,1546.74496516581,9,0,0,0,0,0,0,0,0,0,0,0,0,0,0,0,0,0,0,0,0,22
6867478,1546.63485001566,3,0,0,0,0,0,0,0,0,0,0,0,0,0,0,0,0,0,0,0,0,32
19755259,1546.19072138624,6,0,4,0,0,0,0,0,0,0,0,0,0,0,0,0,0,0,0,0,0,160
11189164,1545.79854706355,3,0,0,0,0,0,0,0,0,0,0,0,0,0,0,0,0,0,0,0,0,182
20118070,1545.79036551321,9,2,0,0,0,0,0,0,0,0,0,0,0,0,0,0,0,0,0,0,0,23
12607463,1545.73415700995,5,2,0,0,0,0,0,0,0,0,0,0,0,0,0,0,0,0,0,0,0,160
14054383,1545.28754287302,12,0,0,0,0,0,0,0,0,0,0,0,0,0,0,0,0,0,0,0,0,22
8581210,1544.82913564353,3,0,0,0,0,0,0,0,0,0,0,0,0,0,0,0,0,0,0,0,0,50
18793670,1544.76929897313,5,0,0,0,0,0,0,0,0,0,0,0,0,0,0,0,0,0,0,0,0,193
24323283,1543.77446372176,13,0,0,0,0,0,0,0,0,0,0,0,0,0,0,0,0,0,0,0,0,231
6567244,1543.44173970273,3,1,0,0,0,0,0,0,0,0,0,0,0,0,0,0,0,0,0,0,0,15
2696838,1543.43687522136,4,1,0,1,0,1,0,0,0,0,0,0,0,0,0,0,0,0,0,0,0,0
10958852,1542.5430519575,7,0,0,0,0,0,0,0,0,0,0,0,0,0,0,0,0,0,0,0,0,217
8455034,1541.95799099523,16,0,0,0,0,0,0,0,0,0,0,0,0,0,0,0,0,0,0,0,0,231
11488178,1541.42245992092,9,0,0,0,0,0,0,0,0,0,0,0,0,0,0,0,0,0,0,0,0,138
14509964,1540.34914463299,4,1,1,0,0,0,0,0,0,0,0,0,0,0,0,0,0,0,0,0,0,80
20630250,1540.05658561384,3,0,2,0,0,0,0,0,0,0,0,0,0,0,0,0,0,0,0,0,0,152
16407150,1539.6905,2,1,1,0,0,0,0,0,0,0,0,0,0,0,0,0,0,0,0,0,0,98
9984860,1539.26364236048,9,1,5,0,0,0,0,0,0,0,0,0,0,0,0,0,0,0,0,0,0,65
14024115,1538.83781512605,2,0,0,0,0,0,0,0,0,0,0,0,0,0,0,0,0,0,0,0,0,190
16492414,1538.30785572896,4,0,0,0,0,0,0,0,0,0,0,0,0,0,0,0,0,0,0,0,0,13
14139392,1537.96360889757,3,0,0,0,0,0,0,0,0,0,0,0,0,0,0,0,0,0,0,0,0,50
10350809,1537.93191219732,2,0,0,0,0,0,0,0,0,0,0,0,0,0,0,0,0,0,0,0,0,152
14452800,1537.44443537731,14,0,1,0,0,0,0,0,0,0,0,0,0,0,0,0,0,0,0,0,0,8
12048072,1537.32418873768,11,1,0,0,0,0,0,0,0,0,0,0,0,0,0,0,0,0,0,0,0,163
10119186,1536.91288608606,10,0,0,0,0,0,0,0,0,0,0,0,0,0,0,0,0,0,0,0,0,138
4830687,1536.90911597265,13,3,0,0,0,0,0,0,0,0,0,0,0,0,0,0,0,0,0,0,0,217
10640078,1536.88898934519,3,0,0,0,0,0,0,0,0,0,0,0,0,0,0,0,0,0,0,0,0,30
14293652,1536.84997643089,10,3,4,0,0,0,0,0,0,0,0,0,0,0,0,0,0,0,0,0,0,26
11299201,1534.05003836074,3,0,0,0,0,0,0,0,0,0,0,0,0,0,0,0,0,0,0,0,0,13
8105655,1533.63965805612,2,0,0,0,0,0,0,0,0,0,0,0,0,0,0,0,0,0,0,0,0,123
12619375,1532.70882774217,17,7,8,0,0,0,0,0,0,0,0,0,0,0,0,0,0,0,0,0,0,59
15184992,1531.89533626056,4,0,0,0,0,0,0,0,0,0,0,0,0,0,0,0,0,0,0,0,0,123
3999831,1530.91740305923,9,1,1,0,0,0,0,0,0,0,0,0,0,0,0,0,0,0,0,0,0,17
17847877,1530.62622796348,4,1,0,0,0,0,0,0,0,0,0,0,0,0,1,0,0,0,0,0,0,0
12148238,1530.36477325425,1,1,0,0,0,0,0,0,0,0,0,0,0,0,0,0,0,0,0,0,0,25
12143654,1530.27016376542,9,0,1,0,0,0,0,0,0,0,0,0,0,0,0,0,0,0,0,0,0,17
14497638,1530.24940993167,2,0,0,0,0,0,0,0,0,0,0,0,0,0,0,0,0,0,0,0,0,63
11554464,1530.18632964088,1,1,0,0,0,0,0,0,0,0,0,0,0,0,0,0,0,0,0,0,0,38
10908786,1530.12831428571,1,1,0,0,0,0,0,0,0,0,0,0,0,0,0,0,0,0,0,0,0,177
9919528,1530.10236720474,1,1,0,0,0,0,0,0,0,0,0,0,0,0,0,0,0,0,0,0,0,45
11821951,1530.09554055869,1,1,0,0,0,0,0,0,0,0,0,0,0,0,0,0,0,0,0,0,0,118
12959983,1530.05413553256,1,1,0,0,0,0,0,0,0,0,0,0,0,0,0,0,0,0,0,0,0,43
14533605,1530.04894096342,1,1,0,0,0,0,0,0,0,0,0,0,0,0,0,0,0,0,0,0,0,127
8085085,1530.03199560511,1,1,0,0,0,0,0,0,0,0,0,0,0,0,0,0,0,0,0,0,0,16
3115283,1530.01485777379,1,1,0,0,0,0,0,0,0,0,0,0,0,0,0,0,0,0,0,0,0,123
14916935,1530.01383572736,1,1,0,0,0,0,0,0,0,0,0,0,0,0,0,0,0,0,0,0,0,9
8788058,1530.00714285714,1,1,0,0,0,0,0,0,0,0,0,0,0,0,0,0,0,0,0,0,0,190
16322235,1530,1,1,0,0,0,0,0,0,0,0,0,0,0,0,0,0,0,0,0,0,0,79
24840779,1530,1,1,0,0,0,0,0,0,0,0,0,0,0,0,0,0,0,0,0,0,0,185
10891105,1529.99100826878,4,1,0,0,0,0,0,0,0,0,0,0,0,0,0,0,0,0,0,0,0,199
12207972,1529.98271852414,1,1,0,0,0,0,0,0,0,0,0,0,0,0,0,0,0,0,0,0,0,191
1195423,1529.98249685553,1,1,0,0,0,0,0,0,0,0,0,0,0,0,0,0,0,0,0,0,0,240
18513363,1529.96167316024,1,1,0,0,0,0,0,0,0,0,0,0,0,0,0,0,0,0,0,0,0,70
9425864,1529.95002805296,1,1,0,0,0,0,0,0,0,0,0,0,0,0,0,0,0,0,0,0,0,71
757783,1529.91886610424,1,1,0,0,0,0,0,0,0,0,0,0,0,0,0,0,0,0,0,0,0,221
13084548,1529.90876765081,1,1,0,0,0,0,0,0,0,0,0,0,0,0,0,0,0,0,0,0,0,233
8359561,1529.88893693805,1,1,0,0,0,0,0,0,0,0,0,0,0,0,0,0,0,0,0,0,0,3
11415687,1529.88794641098,1,1,0,0,0,0,0,0,0,0,0,0,0,0,0,0,0,0,0,0,0,121
8832359,1529.87994664392,1,1,0,0,0,0,0,0,0,0,0,0,0,0,0,0,0,0,0,0,0,90
13538530,1529.73522997531,4,0,0,0,0,0,0,0,0,0,0,0,0,0,0,0,0,0,0,0,0,23
7657831,1529.73505189087,1,1,0,0,0,0,0,0,0,0,0,0,0,0,0,0,0,0,0,0,0,26
9526124,1529.35499734459,1,0,1,0,0,0,0,0,0,0,0,0,0,0,0,0,0,0,0,0,0,152
1906975,1529.29124208516,5,2,2,0,0,0,0,0,0,0,0,0,0,0,0,0,0,0,0,0,0,54
11836334,1529.28191722788,2,0,0,0,0,0,0,0,0,0,0,0,0,0,0,0,0,0,0,0,0,15
11234664,1529.21167316024,1,0,1,0,0,0,0,0,0,0,0,0,0,0,0,0,0,0,0,0,0,70
8315885,1529.13511480528,3,0,1,0,0,0,0,0,0,0,0,0,0,0,0,0,0,0,0,0,0,0
16359841,1528.93656573175,2,0,0,0,0,0,0,0,0,0,0,0,0,0,0,0,0,0,0,0,0,66
4209818,1528.69565668524,1,0,0,0,0,0,0,0,0,0,0,0,0,0,0,0,0,0,0,0,0,152
14800198,1528.66398651527,1,0,1,0,0,0,0,0,0,0,0,0,0,0,0,0,0,0,0,0,0,32
11227346,1528.46167316024,1,0,0,0,0,0,0,0,0,0,0,0,0,0,0,0,0,0,0,0,0,70
24190187,1528.34793179377,2,0,0,0,0,0,0,0,0,0,0,0,0,0,0,0,0,0,0,0,0,170
4980135,1528.24959849983,1,0,1,0,0,0,0,0,0,0,0,0,0,0,0,0,0,0,0,0,0,169
5281485,1528.09479931693,1,0,1,0,0,0,0,0,0,0,0,0,0,0,0,0,0,0,0,0,0,175
3016611,1528.01306836461,1,0,1,0,0,0,0,0,0,0,0,0,0,0,0,0,0,0,0,0,0,15
17584785,1527.83986138128,1,0,1,0,0,0,0,0,0,0,0,0,0,0,0,0,0,0,0,0,0,191
12160299,1527.83134036963,12,5,4,0,0,0,0,0,0,0,0,0,0,0,0,0,0,0,0,0,0,176
15232819,1527.72238731942,9,0,0,0,0,0,0,0,0,0,0,0,0,0,0,0,0,0,0,0,0,138
4637369,1527.58249685553,1,0,1,0,0,0,0,0,0,0,0,0,0,0,0,0,0,0,0,0,0,240
27673466,1527.50876765081,1,0,1,0,0,0,0,0,0,0,0,0,0,0,0,0,0,0,0,0,0,233
16858397,1527.41150685924,4,1,0,0,0,0,0,0,0,0,0,0,0,0,0,0,0,0,0,0,0,160
8788898,1527.40616212161,1,0,1,0,0,0,0,0,0,0,0,0,0,0,0,0,0,0,0,0,0,123
139670,1527.19159337697,1,0,1,0,0,0,0,0,0,0,0,0,0,0,0,0,0,0,0,0,0,221
11237739,1527.1495113785,5,1,0,0,0,0,0,0,0,0,0,0,0,0,0,0,0,0,0,0,0,30
24025848,1527.10427348635,1,0,0,0,0,0,0,0,0,0,0,0,0,0,0,0,0,0,0,0,0,30
10458639,1526.94447246789,1,0,1,0,0,0,0,0,0,0,0,0,0,0,0,0,0,0,0,0,0,45
15274893,1526.88794641098,1,0,1,0,0,0,0,0,0,0,0,0,0,0,0,0,0,0,0,0,0,121
11405263,1526.47773109244,1,0,0,0,0,0,0,0,0,0,0,0,0,0,0,0,0,0,0,0,0,190
6085929,1526.21979931693,1,0,0,0,0,0,0,0,0,0,0,0,0,0,0,0,0,0,0,0,0,175
6960689,1526.21167316024,1,0,0,0,0,0,0,0,0,0,0,0,0,0,0,0,0,0,0,0,0,70
13744487,1525.69700423842,1,0,0,0,0,0,0,0,0,0,0,0,0,0,0,0,0,0,0,0,0,191
17795498,1525.54894096342,1,0,0,0,0,0,0,0,0,0,0,0,0,0,0,0,0,0,0,0,0,127
8170022,1525.51548469917,4,0,1,1,0,0,0,0,0,0,0,0,1,0,0,0,0,0,0,0,0,0
4560592,1525.46167316024,1,0,0,0,0,0,0,0,0,0,0,0,0,0,0,0,0,0,0,0,0,70
8004317,1525.43875091717,1,0,1,0,0,0,0,0,0,0,0,0,0,0,0,0,0,0,0,0,0,43
2767636,1525.39895338854,1,0,0,0,0,0,0,0,0,0,0,0,0,0,0,0,0,0,0,0,0,152
12585858,1525.04881378013,2,0,1,0,0,0,0,0,0,0,0,0,0,0,0,0,0,0,0,0,0,5
12442952,1524.96690199214,5,0,0,0,0,0,0,0,0,0,0,0,0,0,0,0,0,0,0,0,0,30
2844779,1524.95002805296,1,0,1,0,0,0,0,0,0,0,0,0,0,0,0,0,0,0,0,0,0,71
15868788,1524.79746646944,1,0,0,0,0,0,0,0,0,0,0,0,0,0,0,0,0,0,0,0,0,123
19568517,1524.76745867301,7,1,1,0,0,0,0,0,0,0,0,0,0,0,0,0,0,0,0,0,0,45
11740073,1524.7396127292,1,0,0,0,0,0,0,0,0,0,0,0,0,0,0,0,0,0,0,0,0,152
9146185,1524.72018673512,1,0,0,0,0,0,0,0,0,0,0,0,0,0,0,0,0,0,0,0,0,169
9527862,1524.71167316024,1,0,0,0,0,0,0,0,0,0,0,0,0,0,0,0,0,0,0,0,0,70
18889109,1524.31041547654,1,0,0,0,0,0,0,0,0,0,0,0,0,0,0,0,0,0,0,0,0,170
3601553,1524.08027206986,1,0,0,0,0,0,0,0,0,0,0,0,0,0,0,0,0,0,0,0,0,152
2955661,1524.04894096342,1,0,0,0,0,0,0,0,0,0,0,0,0,0,0,0,0,0,0,0,0,127
3149577,1523.88794641098,1,0,0,0,0,0,0,0,0,0,0,0,0,0,0,0,0,0,0,0,0,121
9294147,1523.78657773105,1,0,0,0,0,0,0,0,0,0,0,0,0,0,0,0,0,0,0,0,0,45
10343292,1523.66229511342,1,0,0,1,0,0,0,0,0,0,0,0,0,0,0,0,0,0,0,0,0,0
9701942,1523.55414709557,1,0,0,0,0,0,0,0,0,0,0,0,0,0,0,0,0,0,0,0,0,191
16194429,1523.47629281275,9,0,0,0,0,0,0,0,0,0,0,0,0,0,0,0,0,0,0,0,0,22
13648653,1523.46164761905,1,0,1,0,0,0,0,0,0,0,0,0,0,0,0,0,0,0,0,0,0,177
626094,1523.42971475197,4,1,0,0,0,0,0,0,0,0,0,0,0,0,0,0,0,0,0,0,0,23
15264880,1523.42443185022,3,0,0,0,0,0,0,0,0,0,0,0,0,0,0,0,0,0,0,0,0,186
11536421,1523.42093141052,1,0,0,0,0,0,0,0,0,0,0,0,0,0,0,0,0,0,0,0,0,152
23000056,1523.33333333333,1,0,1,0,0,0,0,0,0,0,0,0,0,0,0,0,0,0,0,0,0,79
17454289,1523.21327997725,1,0,1,0,0,0,0,0,0,0,0,0,0,0,0,0,0,0,0,0,0,90
10618530,1523.12992588257,7,1,1,0,0,0,0,0,0,0,0,0,0,0,0,0,0,0,0,0,0,63
8669198,1523.07428933384,2,0,0,0,0,0,0,0,0,0,0,0,0,0,0,0,0,0,0,0,0,173
12013741,1523.03461781818,7,0,0,0,0,0,0,0,0,0,0,0,0,0,0,0,0,0,0,0,0,23
2850104,1522.94117647059,1,0,0,0,0,0,0,0,0,0,0,0,0,0,0,0,0,0,0,0,0,213
5775709,1522.76159075118,1,0,0,0,0,0,0,0,0,0,0,0,0,0,0,0,0,0,0,0,0,152
10659233,1522.66398651527,1,0,0,0,0,0,0,0,0,0,0,0,0,0,0,0,0,0,0,0,0,32
13688990,1522.58764495271,14,0,2,0,0,0,0,0,0,0,0,0,0,0,0,0,0,0,0,0,0,8
16571353,1522.46167316024,1,0,0,0,0,0,0,0,0,0,0,0,0,0,0,0,0,0,0,0,0,70
4382220,1522.05554313641,1,0,1,0,0,0,0,0,0,0,0,0,0,0,0,0,0,0,0,0,0,52
15216246,1522.01383572736,1,0,0,0,0,0,0,0,0,0,0,0,0,0,0,0,0,0,0,0,0,9
12457381,1521.82960294376,2,1,0,0,0,0,0,0,0,0,0,0,0,0,0,0,0,0,0,0,0,75
8945565,1521.79939813962,6,0,0,0,0,0,0,0,0,0,0,0,0,0,0,0,0,0,0,0,0,138
8500628,1521.78632964088,1,0,0,0,0,0,0,0,0,0,0,0,0,0,0,0,0,0,0,0,0,38
4284367,1521.71167316024,1,0,0,0,0,0,0,0,0,0,0,0,0,0,0,0,0,0,0,0,0,70
18808456,1521.45327261939,1,0,0,0,0,0,0,0,0,0,0,0,0,0,0,0,0,0,0,0,0,170
31682960,1521.4429094325,1,0,0,0,0,0,0,0,0,0,0,0,0,0,0,0,0,0,0,0,0,152
20141370,1521.41128995271,1,0,0,0,0,0,0,0,0,0,0,0,0,0,0,0,0,0,0,0,0,191
6578664,1521.39020720925,3,0,0,0,0,0,0,0,0,0,0,0,0,0,0,0,0,0,0,0,0,193
15390521,1521.34631006494,1,0,0,0,0,0,0,0,0,0,0,0,0,0,0,0,0,0,0,0,0,227
11685498,1521.18361344538,1,0,0,0,0,0,0,0,0,0,0,0,0,0,0,0,0,0,0,0,0,190
17467899,1521.16362331945,1,0,1,0,0,0,0,0,0,0,0,0,0,0,0,0,0,0,0,0,0,26
10825836,1521.07923800487,1,0,0,0,0,0,0,0,0,0,0,0,0,0,0,0,0,0,0,0,0,184
10223298,1520.88794641098,1,0,0,0,0,0,0,0,0,0,0,0,0,0,0,0,0,0,0,0,0,121
3481378,1520.83891722788,2,0,1,0,0,0,0,0,0,0,0,0,0,0,0,0,0,0,0,0,0,15
8942753,1520.82336630179,1,0,0,0,0,0,0,0,0,0,0,0,0,0,0,0,0,0,0,0,0,43
13679658,1520.80122637434,1,0,0,0,0,0,0,0,0,0,0,0,0,0,0,0,0,0,0,0,0,16
10516802,1520.78508054974,2,0,0,0,0,0,0,0,0,0,0,1,0,0,0,0,0,0,0,0,0,0
848961,1520.77099166071,1,0,0,0,0,0,0,0,0,0,0,0,0,0,0,0,0,0,0,0,0,41
17241883,1520.64106396365,4,0,0,0,0,0,0,0,0,0,0,0,0,0,0,0,0,0,0,0,0,186
7351448,1520.62868299421,1,0,0,0,0,0,0,0,0,0,0,0,0,0,0,0,0,0,0,0,0,45
12324616,1520.50440037658,1,0,0,0,1,0,0,0,0,0,0,0,0,0,0,0,0,0,0,0,0,0
5884773,1520.22295606527,5,0,1,0,0,0,0,0,0,0,0,0,0,0,0,0,0,0,0,0,0,143
9735548,1520.21167316024,1,0,0,0,0,0,0,0,0,0,0,0,0,0,0,0,0,0,0,0,0,70
1285637,1520.01306836461,1,0,0,0,0,0,0,0,0,0,0,0,0,0,0,0,0,0,0,0,0,15
11011448,1520,1,0,0,0,0,0,0,0,0,0,0,0,0,0,0,0,0,0,0,0,0,229
19118758,1519.97795833014,5,1,0,0,0,0,0,0,0,0,0,0,0,0,0,0,0,0,0,0,0,23
3256745,1519.95002805296,1,0,0,0,0,0,0,0,0,0,0,0,0,0,0,0,0,0,0,0,0,71
1274798,1519.73951753557,2,1,0,0,0,0,0,0,0,0,0,0,0,0,0,0,0,0,0,0,0,133
8401053,1519.54894096342,1,0,0,0,0,0,0,0,0,0,0,0,0,0,0,0,0,0,0,0,0,127
10907826,1519.41176470588,1,0,0,0,0,0,0,0,0,0,0,0,0,0,0,0,0,0,0,0,0,213
14146602,1519.38632964088,1,0,0,0,0,0,0,0,0,0,0,0,0,0,0,0,0,0,0,0,0,38
18766704,1519.28149672511,1,0,0,0,0,0,0,0,0,0,0,0,0,0,0,0,0,0,0,0,0,145
15745271,1519.26843280985,1,0,0,0,0,0,0,0,0,0,0,0,0,0,0,0,0,0,0,0,0,191
6399568,1519.08979222788,2,0,0,0,0,0,0,0,0,0,0,0,0,0,0,0,0,0,0,0,0,15
9532453,1519.0669206648,4,0,0,0,0,0,0,0,0,0,0,0,0,0,0,0,0,0,0,0,0,66
9505673,1519.05678454588,2,0,0,0,0,0,0,0,0,0,0,0,0,0,0,0,0,0,0,0,0,173
13778217,1519.00977519515,1,0,0,0,0,0,0,0,0,0,0,0,0,0,0,0,0,0,0,0,0,221
7403461,1518.62476811301,9,0,0,0,0,0,0,0,0,0,0,0,0,0,0,0,0,0,0,0,0,195
15086625,1518.48916720779,1,0,0,0,0,0,0,0,0,0,0,0,0,0,0,0,0,0,0,0,0,227
14388839,1518.18632964088,1,0,0,0,0,0,0,0,0,0,0,0,0,0,0,0,0,0,0,0,0,38
14309415,1518.16398651527,1,0,0,0,0,0,0,0,0,0,0,0,0,0,0,0,0,0,0,0,0,32
4420014,1518.14620613579,1,0,0,0,0,0,0,0,0,0,0,0,0,0,0,0,0,0,0,0,0,152
24270105,1518.1349519025,1,0,0,0,0,0,0,0,0,0,0,0,0,0,0,0,0,0,0,0,0,35
8909292,1518.05921170355,5,0,0,0,0,0,0,0,0,0,0,0,0,0,0,0,0,0,0,0,0,125
3339073,1518.04894096342,1,0,0,0,0,0,0,0,0,0,0,0,0,0,0,0,0,0,0,0,0,127
8923608,1518.01383572736,1,0,0,0,0,0,0,0,0,0,0,0,0,0,0,0,0,0,0,0,0,9
2522197,1518.01306836461,1,0,0,0,0,0,0,0,0,0,0,0,0,0,0,0,0,0,0,0,0,15
15441612,1518,1,0,0,0,0,0,0,0,0,0,0,0,0,0,0,0,0,0,0,0,0,194
19161909,1517.96167316024,1,0,0,0,0,0,0,0,0,0,0,0,0,0,0,0,0,0,0,0,0,70
18359137,1517.90320697868,2,0,1,0,0,0,0,0,0,0,0,0,0,0,0,0,0,0,0,0,0,20
11443437,1517.88893693805,1,0,1,0,0,0,0,0,0,0,0,0,0,0,0,0,0,0,0,0,0,3
10157694,1517.88794641098,1,0,0,0,0,0,0,0,0,0,0,0,0,0,0,0,0,0,0,0,0,121
13335554,1517.69485072871,16,0,0,0,0,0,0,0,0,0,0,0,0,0,0,0,0,0,0,0,0,231
5009715,1517.50795302701,2,0,0,0,0,0,0,0,0,0,0,0,0,0,0,0,0,0,0,0,0,152
16679145,1517.48686547645,1,0,0,0,0,0,0,0,0,0,0,0,0,0,0,0,0,0,0,0,0,152
4039647,1517.36162603575,9,0,0,0,0,0,0,0,0,0,0,0,0,0,0,0,0,0,0,0,0,17
13590024,1517.31399767829,13,0,0,0,0,0,0,0,0,0,0,0,0,0,0,0,0,0,0,0,0,231
17293204,1517.21167316024,1,0,0,0,0,0,0,0,0,0,0,0,0,0,0,0,0,0,0,0,0,70
13714351,1517.125575667,1,0,0,0,0,0,0,0,0,0,0,0,0,0,0,0,0,0,0,0,0,191
6420308,1517.02226586952,3,0,0,0,0,0,0,0,0,0,0,0,0,0,0,0,0,0,0,0,0,182
14454744,1516.86168786724,14,0,0,0,0,0,0,0,0,0,0,0,0,0,0,0,0,0,0,0,0,123
25306176,1516.82752481711,1,0,0,0,0,0,0,0,0,0,0,0,0,0,0,0,0,0,0,0,0,152
19022623,1516.66666666667,1,0,0,0,0,0,0,0,0,0,0,0,0,0,0,0,0,0,0,0,0,79
10459580,1516.66398651527,1,0,0,0,0,0,0,0,0,0,0,0,0,0,0,0,0,0,0,0,0,32
10997439,1516.55414267079,1,0,0,0,0,0,0,0,0,0,0,0,0,0,0,0,0,0,0,0,0,126
13203886,1516.46167316024,1,0,0,0,0,0,0,0,0,0,0,0,0,0,0,0,0,0,0,0,0,70
19236425,1516.16818415777,1,0,0,0,0,0,0,0,0,0,0,0,0,0,0,0,0,0,0,0,0,152
4464845,1516.01306836461,1,0,0,0,0,0,0,0,0,0,0,0,0,0,0,0,0,0,0,0,0,15
11646616,1515.88949579832,1,0,0,0,0,0,0,0,0,0,0,0,0,0,0,0,0,0,0,0,0,190
10040931,1515.88235294118,2,0,0,0,0,0,0,0,0,0,0,0,0,0,0,0,0,0,0,0,0,213
11840611,1515.7475803489,9,0,0,0,0,0,0,0,0,0,0,0,0,0,0,0,0,0,0,0,0,138
9955635,1515.73898690511,1,0,0,0,0,0,0,0,0,0,0,0,0,0,0,0,0,0,0,0,0,170
10674817,1515.63202435065,1,0,0,0,0,0,0,0,0,0,0,0,0,0,0,0,0,0,0,0,0,227
16052525,1515.50884349843,1,0,0,0,0,0,0,0,0,0,0,0,0,0,0,0,0,0,0,0,0,152
8218190,1515.50562389648,2,0,0,0,0,0,0,0,0,0,0,0,0,0,0,0,0,0,0,0,0,38
7722566,1515.39446693271,2,0,1,0,0,0,0,0,0,0,0,0,0,0,0,0,0,0,0,0,0,80
25785218,1515,1,0,0,0,0,0,0,0,0,0,0,0,0,0,0,0,0,0,0,0,0,229
5907911,1514.98271852414,1,0,0,0,0,0,0,0,0,0,0,0,0,0,0,0,0,0,0,0,0,191
8811633,1514.95002805296,1,0,0,0,0,0,0,0,0,0,0,0,0,0,0,0,0,0,0,0,0,71
10199656,1514.88794641098,1,0,0,0,0,0,0,0,0,0,0,0,0,0,0,0,0,0,0,0,0,121
12090610,1514.36268386074,1,0,0,0,0,0,0,0,0,0,0,0,0,0,0,0,0,0,0,0,0,123
12811905,1514.3340797962,6,0,0,0,0,0,0,0,0,0,0,0,0,0,0,0,0,0,0,0,0,217
10204748,1514.31289352053,1,0,0,0,0,0,0,0,0,0,0,0,0,0,0,0,0,0,0,0,0,45
9930573,1514.01383572736,1,0,0,0,0,0,0,0,0,0,0,0,0,0,0,0,0,0,0,0,0,9
3257847,1513.66398651527,1,0,0,0,0,0,0,0,0,0,0,0,0,0,0,0,0,0,0,0,0,32
13880438,1513.53082152041,1,0,0,0,0,0,0,0,0,0,0,0,0,0,0,0,0,0,0,0,0,152
12544805,1513.38632964088,1,0,0,0,0,0,0,0,0,0,0,0,0,0,0,0,0,0,0,0,0,38
13736991,1513.34674854367,2,1,0,0,0,0,0,0,0,0,0,0,0,0,0,0,0,0,0,0,0,70
12395652,1513.18249685553,1,0,0,0,0,0,0,0,0,0,0,0,0,0,0,0,0,0,0,0,0,240
3594368,1513.08869589161,2,0,0,0,0,0,0,0,0,0,0,0,0,0,0,0,0,0,0,0,0,30
19857248,1512.99209475964,1,0,0,0,0,0,0,0,0,0,0,0,0,0,0,0,0,0,0,0,0,35
22610959,1512.88184404796,1,0,0,0,0,0,0,0,0,0,0,0,0,0,0,0,0,0,0,0,0,170
12981253,1512.59219474802,1,0,0,0,0,0,0,0,0,0,0,0,0,0,0,0,0,0,0,0,0,26
10956506,1512.42223206618,2,0,0,0,0,0,0,0,0,0,0,0,0,0,0,0,0,0,0,0,0,152
15441720,1512.21214020173,1,0,0,0,0,0,0,0,0,0,0,0,0,0,0,0,0,0,0,0,0,152
9364519,1511.96167316024,1,0,0,0,0,0,0,0,0,0,0,0,0,0,0,0,0,0,0,0,0,70
10415929,1511.88794641098,1,0,0,0,0,0,0,0,0,0,0,0,0,0,0,0,0,0,0,0,0,121
12431599,1511.76251136621,3,0,0,0,0,0,0,0,0,0,0,0,0,0,0,0,0,0,0,0,0,186
1893953,1511.61893346791,7,0,0,0,0,0,0,0,0,0,0,0,0,0,0,0,0,0,0,0,0,217
14674958,1511.55279954239,1,0,0,0,0,0,0,0,0,0,0,0,0,0,0,0,0,0,0,0,0,152
12942719,1511.32073594485,3,1,1,0,0,0,0,0,0,0,0,0,0,0,0,0,0,0,0,0,0,30
3191010,1511.30466046379,6,1,0,0,0,0,0,0,0,0,0,0,0,0,0,0,0,0,0,0,0,23
19903338,1511.21167316024,1,0,0,0,0,0,0,0,0,0,0,0,0,0,0,0,0,0,0,0,0,70
13805949,1511.21044761869,5,1,1,0,0,0,0,0,0,0,0,0,0,0,0,0,0,0,0,1,0,0
7749333,1511.16924981391,2,0,0,0,0,0,0,0,0,0,0,0,0,0,0,0,0,0,0,0,0,70
6585939,1511.15499878368,1,0,0,0,0,0,0,0,0,0,0,0,0,0,0,0,0,0,0,0,0,45
12443104,1511.03071616605,1,0,0,0,0,0,0,1,0,0,0,0,0,0,0,0,0,0,0,0,0,0
9391047,1510.89345888305,1,0,0,0,0,0,0,0,0,0,0,0,0,0,0,0,0,0,0,0,0,152
12674517,1510.81112986318,1,0,1,0,0,0,0,0,0,0,0,0,0,0,0,0,0,0,0,0,0,105
16910637,1510.69700423842,1,0,0,0,0,0,0,0,0,0,0,0,0,0,0,0,0,0,0,0,0,191
18296925,1510.54894096342,1,0,0,0,0,0,0,0,0,0,0,0,0,0,0,0,0,0,0,0,0,127
15646924,1510.4907337524,1,0,1,0,0,0,0,0,0,0,0,0,0,0,0,0,0,0,0,0,0,110
4765619,1510.46420525273,3,0,1,0,0,0,0,0,0,0,0,0,0,0,0,0,0,0,0,0,0,15
10565596,1510.46167316024,1,0,0,0,0,0,0,0,0,0,0,0,0,0,0,0,0,0,0,0,0,70
17958667,1510.23411822371,1,0,0,0,0,0,0,0,0,0,0,0,0,0,0,0,0,0,0,0,0,152
9285180,1510.12831428571,1,0,0,0,0,0,0,0,0,0,0,0,0,0,0,0,0,0,0,0,0,177
12450467,1510.02470119082,1,0,0,0,0,0,0,0,0,0,0,0,0,0,0,0,0,0,0,0,0,170
14024170,1510.01383572736,1,0,0,0,0,0,0,0,0,0,0,0,0,0,0,0,0,0,0,0,0,9
11461810,1510,1,0,1,0,0,0,0,0,0,0,0,0,0,0,0,0,0,0,0,0,0,57
20094192,1510,1,0,0,0,0,0,0,0,0,0,0,0,0,0,0,0,0,0,0,0,0,79
4582149,1510,1,0,1,0,0,0,0,0,0,0,0,0,0,0,0,0,0,0,0,0,0,137
21606617,1510,1,0,1,0,0,0,0,0,0,0,0,0,0,0,0,0,0,0,0,0,0,204
11551991,1510,1,0,0,0,0,0,0,0,0,0,0,0,0,0,0,0,0,0,0,0,0,229
12877460,1509.91773863636,1,0,0,0,0,0,0,0,0,0,0,0,0,0,0,0,0,0,0,0,0,227
5479741,1509.87994664392,1,0,0,0,0,0,0,0,0,0,0,0,0,0,0,0,0,0,0,0,0,90
9250996,1509.76955876758,3,0,0,0,0,0,0,0,0,0,0,0,0,0,0,0,0,0,0,0,0,30
10678230,1509.71167316024,1,0,0,0,0,0,0,0,0,0,0,0,0,0,0,0,0,0,0,0,0,70
10562797,1509.57477756437,1,0,0,0,0,0,0,0,0,0,0,0,0,0,0,0,0,0,0,0,0,152
19940169,1509.20522514395,2,0,0,0,0,0,0,0,0,0,0,0,0,0,0,0,0,0,0,0,0,70
16288992,1509.1452925564,1,0,0,0,0,0,0,0,0,0,0,0,0,0,0,0,0,0,0,0,0,123
6934191,1509.04894096342,1,0,0,0,0,0,0,0,0,0,0,0,0,0,0,0,0,0,0,0,0,127
18212788,1508.96167316024,1,0,0,0,0,0,0,0,0,0,0,0,0,0,0,0,0,0,0,0,0,70
3628613,1508.88794641098,1,0,0,0,0,0,0,0,0,0,0,0,0,0,0,0,0,0,0,0,0,121
23592892,1508.59950693306,11,0,0,0,0,0,0,0,0,0,0,0,0,0,0,0,0,0,0,0,0,22
8264319,1508.55414709557,1,0,0,0,0,0,0,0,0,0,0,0,0,0,0,0,0,0,0,0,0,191
8120040,1508.26226664138,1,0,0,0,0,0,0,0,0,0,0,0,0,0,0,0,0,0,0,0,0,160
10853878,1508.21167316024,1,0,0,0,0,0,0,0,0,0,0,0,0,0,0,0,0,0,0,0,0,70
9659805,1508.13671743583,1,0,0,0,0,0,0,0,0,0,0,0,0,0,0,0,0,0,0,0,0,97
12654242,1507.99710404684,1,0,0,0,0,0,0,0,0,0,0,0,0,0,0,0,0,0,0,0,0,45
17563939,1507.9605206703,4,1,0,0,0,0,0,0,0,0,0,0,0,0,0,0,0,0,0,0,0,70
11511783,1507.82804791305,1,0,0,0,0,0,0,0,0,0,0,0,0,0,0,0,0,0,0,0,0,132
10716391,1507.74590467154,1,0,0,0,0,0,0,0,0,0,0,0,0,0,0,0,0,0,0,0,0,184
12098722,1507.46167316024,1,0,0,0,0,0,0,0,0,0,0,0,0,0,0,0,0,0,0,0,0,70
2282145,1507.44183665457,1,0,0,0,0,0,0,0,0,0,0,0,0,0,0,0,0,0,0,0,0,75
20249211,1507.1465246724,4,0,0,0,0,0,0,0,0,0,0,0,0,0,0,0,0,0,0,0,0,23
11222462,1507.06059577922,1,0,0,0,0,0,0,0,0,0,0,0,0,0,0,0,0,0,0,0,0,227
13238121,1506.485277375,1,0,0,0,0,0,0,0,0,0,0,0,0,0,0,0,0,0,0,0,0,41
9845103,1506.3056994828,1,0,0,0,0,0,0,0,0,0,0,0,0,0,0,0,0,0,0,0,0,51
10976433,1506.27807426766,1,0,0,0,0,0,0,0,0,0,0,0,0,0,0,0,0,0,0,0,0,152
11120124,1506.07110294376,2,0,1,0,0,0,0,0,0,0,0,0,0,0,0,0,0,0,0,0,0,75
9024028,1506.04894096342,1,0,0,0,0,0,0,0,0,0,0,0,0,0,0,0,0,0,0,0,0,127
9697769,1506.01306836461,1,0,0,0,0,0,0,0,0,0,0,0,0,0,0,0,0,0,0,0,0,15
18004953,1505.96167316024,1,0,0,0,0,0,0,0,0,0,0,0,0,0,0,0,0,0,0,0,0,70
17469191,1505.89980802117,6,0,0,0,0,0,0,0,0,0,0,0,0,0,0,0,0,0,0,0,0,138
6145000,1505.88893693805,1,0,0,1,0,0,0,0,0,0,0,0,0,0,0,0,0,0,0,0,0,3
10956448,1505.88794641098,1,0,0,0,0,0,0,0,0,0,0,0,0,0,0,0,0,0,0,0,0,121
12902475,1505.61873360832,1,0,0,0,0,0,0,0,0,0,0,0,0,0,0,0,0,0,0,0,0,152
8203119,1505.55436629998,4,0,0,0,0,0,0,0,0,0,0,0,0,0,0,0,0,0,0,0,0,63
5850031,1505.38184625608,7,0,0,0,0,0,0,0,0,0,0,0,0,0,0,0,0,0,0,0,0,186
11526714,1504.95939294898,1,0,0,0,0,0,0,0,0,0,0,0,0,0,0,0,0,0,0,0,0,152
9512538,1504.95002805296,1,0,0,0,0,0,0,0,0,0,0,0,0,0,0,0,0,0,0,0,0,71
12957438,1504.31041547654,1,0,0,0,0,0,0,0,0,0,0,0,0,0,0,0,0,0,0,0,0,170
8779023,1504.30005228964,1,0,0,0,0,0,0,0,0,0,0,0,0,0,0,0,0,0,0,0,0,152
16637348,1504.26843280985,1,0,0,0,0,0,0,0,0,0,0,0,0,0,0,0,0,0,0,0,0,191
18746007,1504.25115133399,2,0,0,0,0,0,0,0,0,0,0,0,0,0,0,0,0,0,0,0,0,191
13029223,1504.22431829069,1,0,0,0,0,0,0,0,0,0,0,0,0,0,0,0,0,0,0,0,0,80
23213150,1504.20345292208,1,0,0,0,0,0,0,0,0,0,0,0,0,0,0,0,0,0,0,0,0,227
19075364,1504.16086205045,5,0,0,0,0,0,0,0,0,0,0,0,0,0,0,0,0,0,0,0,0,23
9975427,1503.92790125205,1,0,0,0,0,0,0,0,0,0,0,0,0,0,0,0,0,0,0,0,0,123
10384720,1503.71167316024,1,0,0,0,0,0,0,0,0,0,0,0,0,0,0,0,0,0,0,0,0,70
15214826,1503.69183665457,1,0,0,0,0,0,0,0,0,0,0,0,0,0,0,0,0,0,0,0,0,75
12728145,1503.6407116303,1,0,0,0,0,0,0,0,0,0,0,0,0,0,0,0,0,0,0,0,0,152
2492226,1503.52941176471,1,0,0,0,0,0,0,0,0,0,0,0,0,0,0,0,0,0,0,0,0,213
11753012,1503.33333333333,1,0,0,0,0,0,0,0,0,0,0,0,0,0,0,0,0,0,0,0,0,79
11134074,1503.22080933745,1,0,0,0,0,0,0,0,0,0,0,0,0,0,0,0,0,0,0,0,0,126
9008727,1503.16376053168,6,0,0,0,0,0,0,0,0,0,0,0,0,0,0,0,0,0,0,0,0,38
4009916,1502.98137097096,1,0,0,0,0,0,0,0,0,0,0,0,0,0,0,0,0,0,0,0,0,152
13197403,1502.96167316024,1,0,0,0,0,0,0,0,0,0,0,0,0,0,0,0,0,0,0,0,0,70
4533507,1502.88794641098,1,0,0,0,0,0,0,0,0,0,0,0,0,0,0,0,0,0,0,0,0,121
19890921,1502.80772118684,1,0,0,0,0,0,0,0,0,0,0,0,0,0,0,0,0,0,0,0,0,160
3372322,1502.69424890127,13,0,2,0,0,0,0,0,0,0,0,0,0,0,0,0,0,0,0,0,0,23
2295850,1502.68016722788,2,0,0,0,0,0,0,0,0,0,0,0,0,0,0,0,0,0,0,0,0,15
5000924,1502.40872514395,2,0,0,0,0,0,0,0,0,0,0,0,0,0,0,0,0,0,0,0,0,70
11258741,1502.36182784025,1,0,0,0,0,0,0,0,0,0,0,0,0,0,0,0,0,0,0,0,0,43
10918400,1502.32203031162,1,0,0,0,0,0,0,0,0,0,0,0,0,0,0,0,0,0,0,0,0,152
10382679,1502.21167316024,1,0,0,0,0,0,0,0,0,0,0,0,0,0,0,0,0,0,0,0,0,70
9870879,1502.125575667,1,0,0,0,0,0,0,0,0,0,0,0,0,0,0,0,0,0,0,0,0,191
3812276,1502.01306836461,1,0,0,0,0,0,0,0,0,0,0,0,0,0,0,0,0,0,0,0,0,15
17766423,1501.94325869311,5,0,0,0,0,0,0,0,0,0,0,0,0,0,0,0,0,0,0,0,0,138
14684430,1501.87236063598,1,0,0,0,0,0,0,0,0,0,0,0,0,0,0,0,0,0,0,0,0,50
13342143,1501.68131457316,1,0,0,0,0,0,0,0,0,0,0,0,0,0,0,0,0,0,0,0,0,45
20195782,1501.66268965228,1,0,0,0,0,0,0,0,0,0,0,0,0,0,0,0,0,0,0,0,0,152
14290988,1501.55703195553,1,0,0,0,0,0,0,0,0,0,1,0,0,0,0,0,0,0,0,0,0,0
27761185,1501.45327261939,1,0,0,0,0,0,0,0,0,0,0,0,0,0,0,0,0,0,0,0,0,170
18906438,1501.19104577781,4,0,0,0,0,0,0,0,0,0,0,0,0,0,0,0,0,0,0,0,0,30
10981171,1501.00334899294,1,0,0,0,0,0,0,0,0,0,0,0,0,0,0,0,0,0,0,0,0,152
5187207,1500.95243689294,5,0,0,0,0,0,0,0,0,0,0,0,0,0,0,0,0,0,0,0,0,23
11772019,1500.88566264395,2,0,0,0,0,0,0,0,0,0,0,0,0,0,0,0,0,0,0,0,0,70
12204360,1500.87718583024,1,0,0,0,0,0,0,0,0,0,0,0,0,0,0,0,0,0,0,0,0,140
3149395,1500.4563845073,2,0,0,0,0,0,0,0,0,0,0,0,0,0,0,0,0,0,0,0,0,152
15754716,1500.40849707905,3,0,0,0,0,0,0,0,0,0,0,0,0,0,0,0,0,0,0,0,0,30
12920831,1500.3440083336,1,0,0,0,0,0,0,0,0,0,0,0,0,0,0,0,0,0,0,0,0,152
15195364,1500.20801106014,1,0,0,0,0,0,0,0,0,0,0,0,0,0,0,0,0,0,0,0,0,22
13795588,1500.04894096342,1,0,0,0,0,0,0,0,0,0,0,0,0,0,0,0,0,0,0,0,0,127
14817468,1500.01306836461,1,0,0,0,0,0,0,0,0,0,0,0,0,0,0,0,0,0,0,0,0,15
10049665,1500,2,1,0,0,0,0,0,0,0,0,0,0,0,0,0,0,0,0,0,0,0,103
14489248,1500,1,0,1,0,0,0,0,0,0,0,0,0,0,0,0,0,0,0,0,0,0,103
11726139,1500,1,0,0,0,0,0,0,0,0,0,0,0,0,0,0,0,0,0,0,0,0,194
6080956,1499.88794641098,1,0,0,0,0,0,0,0,0,0,0,0,0,0,0,0,0,0,0,0,0,121
13205755,1499.82197115624,2,0,1,0,0,0,0,0,0,0,0,0,0,0,0,0,0,0,0,0,0,6
6936275,1499.68466767426,1,0,0,0,0,0,0,0,0,0,0,0,0,0,0,0,0,0,0,0,0,152
4751678,1499.45801200535,11,1,0,0,0,0,0,0,0,0,0,0,0,0,0,0,0,0,0,0,0,22
10168682,1499.21167316024,1,0,0,0,0,0,0,0,0,0,0,0,0,0,0,0,0,0,0,0,0,70
17998941,1498.59612976225,1,0,0,0,0,0,0,0,0,0,0,0,0,0,0,0,0,0,0,0,0,170
15516059,1498.54134439347,1,0,0,0,0,0,0,0,0,0,0,0,0,0,0,0,0,0,0,0,0,22
12710265,1498.52341983631,1,0,0,0,0,0,0,0,0,0,0,0,0,0,0,0,0,0,0,0,0,45
14964749,1497.91384880357,1,0,0,0,0,0,0,0,0,0,0,0,0,0,0,0,0,0,0,0,0,41
18327574,1497.83986138128,1,0,0,0,0,0,0,0,0,0,0,0,0,0,0,0,0,0,0,0,0,191
14353255,1497.78632964088,1,0,0,0,0,0,0,0,0,0,0,0,0,0,0,0,0,0,0,0,0,38
12899970,1497.77013516433,5,1,0,0,0,0,0,0,0,0,0,0,0,0,0,0,0,0,0,0,0,160
13706184,1497.70664569623,1,0,0,0,0,0,0,0,0,0,0,0,0,0,0,0,0,0,0,0,0,152
15103117,1497.32400616425,3,0,0,0,0,0,0,0,0,0,0,0,0,0,0,0,0,0,0,0,0,30
2198995,1497.27272727273,1,0,0,0,0,0,0,0,0,0,0,0,0,0,0,0,0,0,0,0,0,216
9872563,1497.19915816456,5,0,0,0,0,0,0,0,0,0,0,0,0,0,0,0,0,0,0,0,0,138
15984499,1497.04730503689,1,0,0,0,0,0,0,0,0,0,0,0,0,0,0,0,0,0,0,0,0,152
5167225,1496.79498095238,1,0,0,0,0,0,0,0,0,0,0,0,0,0,0,0,0,0,0,0,0,177
25087875,1496.66666666667,1,0,0,0,0,0,0,0,0,0,0,0,0,0,0,0,0,0,0,0,0,79
11157009,1496.65067422315,4,0,1,0,0,0,0,0,0,0,0,0,0,0,0,0,0,0,0,0,0,23
16006269,1496.55414267079,1,0,0,0,0,0,0,0,0,0,0,0,0,0,0,0,0,0,0,0,0,126
14073932,1496.54661331059,1,0,0,0,0,0,0,0,0,0,0,0,0,0,0,0,0,0,0,0,0,90
7652852,1496.47058823529,1,0,0,0,0,0,0,0,0,0,0,0,0,0,0,0,0,0,0,0,0,213
15592469,1496.44798395068,2,0,0,0,0,0,0,0,0,0,0,0,0,0,0,0,0,0,0,0,0,50
914908,1496.38249685553,1,0,0,0,0,0,0,0,0,0,0,0,0,0,0,0,0,0,0,0,0,240
16218750,1496.26948008987,3,0,1,0,0,0,0,0,0,0,0,0,0,0,0,0,0,0,0,0,0,41
19282411,1496.17848056745,1,0,0,0,0,0,0,0,0,0,0,0,0,0,0,0,0,0,0,0,0,206
5208892,1496.10181429553,1,0,0,0,0,0,0,0,0,0,0,0,0,0,0,0,0,0,0,0,0,123
6221425,1496.09957588433,2,0,0,0,0,0,0,0,0,0,0,0,0,0,0,0,0,0,0,0,0,123
7111118,1496.01306836461,1,0,0,0,0,0,0,0,0,0,0,0,0,0,0,0,0,0,0,0,0,15
6530182,1495.90435014395,2,0,0,0,0,0,0,0,0,0,0,0,0,0,0,0,0,0,0,0,0,70
14926302,1495.73898690511,1,0,0,0,0,0,0,0,0,0,0,0,0,0,0,0,0,0,0,0,0,170
18556796,1495.72862371821,1,0,0,0,0,0,0,0,0,0,0,0,0,0,0,0,0,0,0,0,0,152
20328099,1495.69700423842,1,0,0,0,0,0,0,0,0,0,0,0,0,0,0,0,0,0,0,0,0,191
2984074,1495.67411947897,9,0,1,0,0,0,0,0,0,0,0,0,0,0,0,0,0,0,0,0,0,195
10997421,1495.65288971926,1,0,0,0,0,0,0,0,0,0,0,0,0,0,0,0,0,0,0,0,0,80
21180640,1495.55657116229,1,0,0,0,0,0,0,0,0,0,0,0,0,0,0,0,0,0,0,0,0,50
6829148,1495.54894096342,1,0,0,0,0,0,0,0,0,0,0,0,0,0,0,0,0,0,0,0,0,127
18587902,1495.5197172533,2,0,0,0,0,0,0,0,0,0,0,0,0,0,0,0,0,0,0,0,0,43
12437546,1495.44933760516,1,0,0,0,0,0,0,0,0,0,0,0,0,0,0,0,0,0,0,0,0,26
11320627,1495.43011814624,2,0,0,0,0,0,0,0,0,0,0,0,0,0,0,0,0,0,0,0,0,50
12407531,1495.36552509947,1,0,0,0,0,0,0,0,0,0,0,0,0,0,0,0,0,0,0,0,0,45
25129957,1495.23054058254,3,0,0,0,0,0,0,0,0,0,0,0,0,0,0,0,0,0,0,0,0,23
21201859,1495.19646896568,1,0,0,0,0,0,0,0,0,0,0,0,0,0,0,0,0,0,0,0,0,132
12067984,1495.06928305887,1,0,0,0,0,0,0,0,0,0,0,0,0,0,0,0,0,0,0,0,0,152
10882967,1495.05670594643,1,0,0,0,0,0,0,0,0,0,0,0,0,0,0,0,0,0,0,0,0,41
12195391,1494.95002805296,1,0,0,0,0,0,0,0,0,0,0,0,0,0,0,0,0,0,0,0,0,71
6482909,1494.72018673512,1,0,0,0,0,0,0,0,0,0,0,0,0,0,0,0,0,0,0,0,0,169
16626263,1494.71302521008,1,0,0,0,0,0,0,0,0,0,0,0,0,0,0,0,0,0,0,0,0,190
2482226,1494.70588235294,1,0,0,0,0,0,0,0,0,0,0,0,0,0,0,0,0,0,0,0,0,213
27234119,1494.47372356991,1,0,0,0,0,0,0,0,0,0,0,0,0,0,0,0,0,0,0,0,0,149
11359985,1494.45804231044,2,0,0,0,0,0,0,0,0,0,0,0,0,0,0,0,0,0,0,0,0,50
12809303,1494.4125713382,1,0,0,0,0,0,0,0,0,0,0,0,0,0,0,0,0,0,0,0,0,184
8570559,1494.40994239953,1,0,0,0,0,0,0,0,0,0,0,0,0,0,0,0,0,0,0,0,0,152
3148418,1494.3056994828,1,0,0,0,0,0,0,0,0,0,0,0,0,0,0,0,0,0,0,0,0,51
4801735,1494.04894096342,1,0,0,0,0,0,0,0,0,0,0,0,0,0,0,0,0,0,0,0,0,127
21261842,1494.0237273451,2,0,0,0,0,0,0,0,0,0,0,0,0,0,0,0,0,0,0,0,0,152
10212942,1494,1,0,0,0,0,0,0,0,0,0,0,0,0,0,0,0,0,0,0,0,0,194
20054960,1493.89171786124,1,0,0,0,0,0,0,0,0,0,0,0,0,0,0,0,0,0,0,0,0,29
14174951,1493.88893693805,1,0,0,0,1,0,0,0,0,0,0,0,0,0,0,0,0,0,0,0,0,3
10487020,1493.75060174019,1,0,0,0,0,0,0,0,0,0,0,0,0,0,0,0,0,0,0,0,0,152
10586760,1493.55414709557,1,0,0,0,0,0,0,0,0,0,0,0,0,0,0,0,0,0,0,0,0,191
13179722,1493.21167316024,1,0,0,0,0,0,0,0,0,0,0,0,0,0,0,0,0,0,0,0,0,70
9489702,1493.13105860948,1,0,0,0,0,0,0,0,0,0,0,0,0,0,0,0,0,0,0,0,0,43
18365259,1493.09126108085,1,0,0,0,0,0,0,0,0,0,0,0,0,0,0,0,0,0,0,0,0,152
12274556,1492.91229222788,2,0,0,0,0,0,0,0,0,0,0,0,0,0,0,0,0,0,0,0,0,15
10685608,1492.87792407557,2,0,0,0,0,0,0,0,0,0,0,0,0,0,0,0,0,0,0,0,0,80
12000291,1492.77488149351,1,0,0,0,0,0,0,0,0,0,0,0,0,0,0,0,0,0,0,0,0,227
15975275,1492.7281436067,2,0,0,0,0,0,0,0,0,0,0,0,0,0,0,0,0,0,0,0,0,133
14261342,1492.54894096342,1,0,0,0,0,0,0,0,0,0,0,0,0,0,0,0,0,0,0,0,0,127
2779077,1492.43192042151,1,0,0,0,0,0,0,0,0,0,0,0,0,0,0,0,0,0,0,0,0,152
8310156,1492.40861782693,2,0,1,0,0,0,0,0,0,0,0,0,0,0,0,0,0,0,0,0,0,70
13182910,1492.39867642545,1,0,0,0,0,0,0,0,0,0,0,0,0,0,0,0,0,0,0,0,0,50
10590105,1492.20763036263,1,0,0,0,0,0,0,0,0,0,0,0,0,0,0,0,0,0,0,0,0,45
15038779,1492.083347745,1,0,0,0,0,0,0,0,0,0,0,0,0,1,0,0,0,0,0,0,0,0
16107091,1491.89863027775,1,0,0,0,0,0,0,0,0,0,0,0,0,0,0,0,0,0,0,0,0,160
8501053,1491.77308107219,1,0,0,0,0,0,0,0,0,0,0,0,0,0,0,0,0,0,0,0,0,97
12067831,1491.77257976217,1,0,0,0,0,0,0,0,0,0,0,0,0,0,0,0,0,0,0,0,0,152
3062998,1491.59184485175,10,0,0,0,0,0,0,0,0,0,0,0,0,0,0,0,0,0,0,0,0,217
8484023,1491.49032888649,3,0,0,0,0,0,0,0,0,0,0,0,0,0,0,0,0,0,0,0,0,30
13942593,1491.31418985198,2,0,0,0,0,0,0,0,0,0,0,0,0,0,0,0,0,0,0,0,0,182
10131469,1491.11323910283,1,0,0,0,0,0,0,0,0,0,0,0,0,0,0,0,0,0,0,0,0,152
12060584,1491.04894096342,1,0,0,0,0,0,0,0,0,0,0,0,0,0,0,0,0,0,0,0,0,127
19744046,1490.94203399409,4,0,0,0,0,0,0,0,0,0,0,0,0,0,0,0,0,0,0,0,0,30
17896478,1490.88442299118,1,0,0,0,0,0,0,0,0,0,0,0,0,0,0,0,0,0,0,0,0,123
11611550,1490.4907337524,1,0,0,0,0,0,0,0,0,0,0,0,0,0,0,0,0,0,0,0,0,110
8191845,1490.45389844349,1,0,0,0,0,0,0,0,0,0,0,0,0,0,0,0,0,0,0,0,0,152
11848456,1490.31721058404,1,0,0,0,0,0,0,0,0,0,0,0,0,0,0,0,0,0,0,0,0,83
1097352,1490.03304222788,2,0,0,0,0,0,0,0,0,0,0,0,0,0,0,0,0,0,0,0,0,15
20584083,1490.02470119082,1,0,0,0,0,0,0,0,0,0,0,0,0,0,0,0,0,0,0,0,0,170
15799219,1490,1,0,0,0,0,0,0,0,0,0,0,0,0,0,0,0,0,0,0,0,0,79
17064456,1490,1,0,0,0,0,0,0,0,0,0,0,0,0,0,0,0,0,0,0,0,0,185
21356103,1489.91773863636,1,0,0,0,0,0,0,0,0,0,0,0,0,0,0,0,0,0,0,0,0,227
11033243,1489.79455778415,1,0,0,0,0,0,0,0,0,0,0,0,0,0,0,0,0,0,0,0,0,152
17258960,1489.78431222218,15,1,0,0,0,0,0,0,0,0,0,0,0,0,0,0,0,0,0,0,0,8
15977117,1489.70894707524,1,0,0,0,0,0,0,0,0,0,0,0,0,0,0,0,0,0,0,0,0,6
10919861,1489.65048753996,1,0,0,0,0,0,0,0,0,0,0,0,0,0,0,0,0,0,0,0,0,25
3538079,1489.57362434632,1,0,0,0,0,0,0,0,0,0,0,0,0,0,0,0,0,0,0,0,0,76
12445943,1489.41176470588,2,0,0,0,0,0,0,0,0,0,0,0,0,0,0,0,0,0,0,0,0,213
3096297,1489.26843280985,1,0,0,0,0,0,0,0,0,0,0,0,0,0,0,0,0,0,0,0,0,191
11262442,1489.24078168861,1,0,0,0,0,0,0,0,0,0,0,0,0,0,0,0,0,0,0,0,0,50
15256896,1489.1352171248,1,0,0,0,0,0,0,0,0,0,0,0,0,0,0,0,0,0,0,0,0,152
18352115,1489.06847987379,6,0,0,0,0,0,0,0,0,0,0,0,0,0,0,0,0,0,0,0,0,30
17978570,1489.05549299855,1,0,0,0,0,0,0,0,0,0,0,0,0,0,0,0,0,0,0,0,0,30
11882491,1488.71167316024,1,0,0,0,0,0,0,0,0,0,0,0,0,0,0,0,0,0,0,0,0,70
19034752,1488.51567399409,1,0,0,0,0,0,0,0,0,0,0,0,0,0,0,0,0,0,0,0,0,43
18198388,1488.47587646546,1,0,0,0,0,0,0,0,0,0,0,0,0,0,0,0,0,0,0,0,0,152
10845761,1488.38171159111,2,0,0,0,0,0,0,0,0,0,0,0,0,0,0,0,0,0,0,0,0,182
19579091,1488.04894096342,1,0,0,0,0,0,0,0,0,0,0,0,0,0,0,0,0,0,0,0,0,127
8174555,1487.96167316024,1,0,0,0,0,0,0,0,0,0,0,0,0,0,0,0,0,0,0,0,0,70
20435329,1487.81653580612,1,0,0,0,0,0,0,0,0,0,0,0,0,0,0,0,0,0,0,0,0,152
14090438,1487.76982885069,1,0,0,0,0,0,0,0,0,0,0,0,0,0,0,0,0,0,0,0,0,52
10976903,1487.75125552954,6,0,0,0,0,0,0,0,0,0,0,0,0,0,0,0,0,0,0,0,0,138
15339747,1487.58478764395,2,0,0,0,0,0,0,0,0,0,0,0,0,0,0,0,0,0,0,0,0,70
14486437,1487.5437968278,15,0,0,0,0,0,0,0,0,0,0,0,0,0,0,0,0,0,0,0,0,8
19572472,1487.21167316024,1,0,0,0,0,0,0,0,0,0,0,0,0,0,0,0,0,0,0,0,0,70
26834578,1487.16755833368,1,0,0,0,0,0,0,0,0,0,0,0,0,0,0,0,0,0,0,0,0,170
9112162,1487.125575667,1,0,0,0,0,0,0,0,0,0,0,0,0,0,0,0,0,0,0,0,0,191
13602761,1486.97537757303,4,0,0,0,0,0,0,0,0,0,0,0,0,0,0,0,0,0,0,0,0,63
14548572,1486.83738580406,3,0,0,0,0,0,0,0,0,0,0,0,0,0,0,0,0,0,0,0,0,71
15191413,1486.49785448744,1,0,0,0,0,0,0,0,0,0,0,0,0,0,0,0,0,0,0,0,0,152
15371872,1486.08288695177,1,0,0,0,0,0,0,0,0,0,0,0,0,0,0,0,0,0,0,0,0,50
17684409,1485.95935692462,2,0,0,0,0,0,0,0,0,0,0,0,0,0,0,0,0,0,0,0,0,193
13195585,1485.89184088895,1,0,0,0,0,0,0,0,0,0,0,0,0,0,0,0,0,0,0,0,0,45
23124445,1485.8385138281,1,0,0,0,0,0,0,0,0,0,0,0,0,0,0,0,0,0,0,0,0,152
18261224,1485.71167316024,1,0,0,0,0,0,0,0,0,0,0,0,0,0,0,0,0,0,0,0,0,70
16346970,1485.36054836473,4,0,0,0,0,0,0,0,0,0,0,0,0,0,0,0,0,0,0,0,0,23
9927583,1485.17917316876,1,0,0,0,0,0,0,0,0,0,0,0,0,0,0,0,0,0,0,0,0,152
5045440,1485.04894096342,1,0,0,0,0,0,0,0,0,0,0,0,0,0,0,0,0,0,0,0,0,127
12182913,1485.00981575244,6,0,0,0,0,0,0,0,0,0,0,0,0,0,0,0,0,0,0,0,0,217
15413621,1484.95002805296,1,0,0,0,0,0,0,0,0,0,0,0,0,0,0,0,0,0,0,0,0,71
12540789,1484.94183665457,1,0,0,0,0,0,0,0,0,0,0,0,0,0,0,0,0,0,0,0,0,75
11789369,1484.88794641098,1,0,0,0,0,0,0,0,0,0,0,0,0,0,0,0,0,0,0,0,0,121
11155994,1484.51983250942,1,0,0,0,0,0,0,0,0,0,0,0,0,0,0,0,0,0,0,0,0,152
20233547,1484.44175051406,4,0,0,0,0,0,0,0,0,0,0,0,0,0,0,0,0,0,0,0,0,30
23241267,1484.31041547654,1,0,0,0,0,0,0,0,0,0,0,0,0,0,0,0,0,0,0,0,0,170
17124116,1484.17903534161,2,0,0,0,0,0,0,0,0,0,0,0,0,0,0,0,0,0,0,0,0,13
17866322,1483.90028937871,1,0,0,0,0,0,0,0,0,0,0,0,0,0,0,0,0,0,0,0,0,43
7472155,1483.46167316024,1,0,0,0,0,0,0,0,0,0,0,0,0,0,0,0,0,0,0,0,0,70
23170418,1483.3682109116,5,0,1,0,0,0,0,0,0,0,0,0,0,0,0,0,0,0,0,0,0,139
4525103,1483.33333333333,1,0,0,0,0,0,0,0,0,0,0,0,0,0,0,0,0,0,0,0,0,79
2800253,1483.31081205418,6,1,1,0,0,0,0,0,1,0,0,0,0,0,0,0,0,0,0,0,0,0
16149779,1483.22080933745,1,0,0,0,0,0,0,0,0,0,0,0,0,0,0,0,0,0,0,0,0,126
7457522,1483.20115119074,1,0,0,0,0,0,0,0,0,0,0,0,0,0,0,0,0,0,0,0,0,152
21771960,1483.03934799241,1,0,0,0,0,0,0,0,0,0,0,0,0,0,0,0,0,0,0,0,0,140
3193403,1482.92499221493,1,0,0,0,0,0,0,0,0,0,0,0,0,0,0,0,0,0,0,0,0,50
19569815,1482.83986138128,1,0,0,0,0,0,0,0,0,0,0,0,0,0,0,0,0,0,0,0,0,191
10543853,1482.7339461521,1,0,0,0,0,0,0,0,0,0,0,0,0,0,0,0,0,0,0,0,0,45
10463581,1482.70573624436,2,0,0,0,0,0,0,0,0,0,0,0,0,0,0,0,0,0,0,0,0,113
8001023,1482.60966353447,1,0,0,0,0,0,0,0,0,0,0,0,0,0,0,0,1,0,0,0,0,0
14172691,1482.5418105314,1,0,0,0,0,0,0,0,0,0,0,0,0,0,0,0,0,0,0,0,0,152
7814390,1482.49066722788,2,0,0,0,0,0,0,0,0,0,0,0,0,0,0,0,0,0,0,0,0,15
11272208,1482.01383572736,1,0,0,0,0,0,0,0,0,0,0,0,0,0,0,0,0,0,0,0,0,9
15701343,1481.96876964342,5,0,0,0,0,0,0,0,0,0,0,0,0,0,0,0,0,0,0,0,0,125
11575088,1481.88246987206,1,0,0,0,0,0,0,0,0,0,0,0,0,0,0,0,0,0,0,0,0,152
24454271,1481.50075059694,1,0,0,0,0,0,0,0,0,0,0,0,0,0,0,0,0,0,0,0,0,149
18789828,1481.45327261939,1,0,0,0,0,0,0,0,0,0,0,0,0,0,0,0,0,0,0,0,0,170
5394681,1481.22312921272,1,0,0,0,0,0,0,0,0,0,0,0,0,0,0,0,0,0,0,0,0,152
8246329,1481.21167316024,1,0,0,0,0,0,0,0,0,0,0,0,0,0,0,0,0,0,0,0,0,70
20549600,1481.103582146,1,0,0,0,0,0,0,0,0,0,0,0,0,0,0,0,0,0,0,0,0,199
7945343,1480.98953936866,1,0,0,0,0,0,0,0,0,0,0,0,0,0,0,0,0,0,0,0,0,160
18480113,1480.98632964088,1,0,0,0,0,0,0,0,0,0,0,0,0,0,0,0,0,0,0,0,0,38
11036201,1480.8639901631,1,0,0,0,0,0,0,0,0,0,0,0,0,0,0,0,0,0,0,0,0,97
9548110,1480.63352941592,2,0,0,0,0,0,0,0,0,0,0,0,0,0,0,0,0,0,0,0,0,173
9586445,1480.6025396763,1,0,0,0,0,0,0,0,0,0,0,0,0,0,0,0,0,0,0,0,0,169
21404004,1480.56378855338,1,0,0,0,0,0,0,0,0,0,0,0,0,0,0,0,0,0,0,0,0,152
11804019,1480.54894096342,1,0,0,0,0,0,0,0,0,0,0,0,0,0,0,0,0,0,0,0,0,127
21586994,1480.46167316024,1,0,0,0,0,0,0,0,0,0,0,0,0,0,0,0,0,0,0,0,0,70
20160331,1480.2695,2,0,0,0,0,0,0,0,0,0,0,0,0,0,0,0,0,0,0,0,0,98
13640072,1480.11623631191,15,0,1,0,0,0,0,0,0,0,0,0,0,0,0,0,0,0,0,0,0,8
16644505,1480.11198004706,9,0,0,0,0,0,0,0,0,0,0,0,0,0,0,0,0,0,0,0,0,22
3859899,1479.95002805296,1,0,0,0,0,0,0,0,0,0,0,0,0,0,0,0,0,0,0,0,0,71
14487707,1479.9330110054,1,0,0,0,0,0,0,0,0,0,0,0,0,0,0,0,0,0,0,0,0,182
14520123,1479.57773491439,7,1,0,0,0,0,0,0,0,0,0,0,0,0,0,0,0,0,0,0,0,182
18670029,1479.45176879763,1,0,0,0,0,0,0,0,0,0,0,0,0,0,0,0,0,1,0,0,0,0
14817744,1479.40699528147,1,0,0,0,0,0,0,0,0,0,0,0,0,0,0,0,0,0,0,0,0,132
22678108,1479.3349342514,2,0,0,0,0,0,0,0,0,0,0,0,0,0,0,0,0,0,0,0,0,20
24417636,1479.28490476333,1,0,0,0,0,0,0,0,0,0,0,0,0,0,0,0,0,0,0,0,0,43
17521553,1479.2451072347,1,0,0,0,0,0,0,0,0,0,0,0,0,0,0,0,0,0,0,0,0,152
11066200,1479.24505861705,3,1,0,0,0,0,0,0,0,0,0,0,0,0,0,0,0,0,0,0,0,26
3834721,1479.04894096342,1,0,0,0,0,0,0,0,0,0,0,0,0,0,0,0,0,0,0,0,0,127
16824668,1478.81159055953,1,0,0,0,0,0,0,0,0,0,0,0,0,0,0,0,0,0,0,0,0,30
16466999,1478.59612976225,1,0,0,0,0,0,0,0,0,0,0,0,0,0,0,0,0,0,0,0,0,170
20799468,1478.58632964088,1,0,0,0,0,0,0,0,0,0,0,0,0,0,0,0,0,0,0,0,0,38
12287191,1478.58576657535,1,0,0,0,0,0,0,0,0,0,0,0,0,0,0,0,0,0,0,0,0,152
13439989,1478.55414709557,1,0,0,0,0,0,0,0,0,0,0,0,0,0,0,0,0,0,0,0,0,191
12011021,1477.92642591601,1,0,0,0,0,0,0,0,0,0,0,0,0,0,0,0,0,0,0,0,0,152
10825812,1477.84094473031,1,0,0,0,0,0,0,0,0,0,0,0,0,0,0,0,0,0,0,0,0,123
21949849,1477.73869083011,5,0,0,0,0,0,0,0,0,0,0,0,0,0,0,0,0,0,0,0,0,30
9667334,1477.46167316024,1,0,0,0,0,0,0,0,0,0,0,0,0,0,0,0,0,0,0,0,0,70
18102646,1477.44183665457,1,0,0,0,0,0,0,0,0,0,0,0,0,0,0,0,0,0,0,0,0,75
22690359,1477.38632964088,1,0,0,0,0,0,0,0,0,0,0,0,0,0,0,0,0,0,0,0,0,38
28214037,1477.26708525667,1,0,0,0,0,0,0,0,0,0,0,0,0,0,0,0,0,0,0,0,0,152
13210616,1477.25228712348,3,0,0,0,0,0,0,0,0,0,0,0,0,0,0,0,0,0,0,0,0,66
14433680,1476.66938879686,2,0,0,0,0,0,0,0,0,0,0,0,0,0,0,0,0,0,0,0,0,20
26627197,1476.66666666667,1,0,0,0,0,0,0,0,0,0,0,0,0,0,0,0,0,0,0,0,0,79
5701369,1476.60920274124,1,0,0,0,0,0,0,0,0,0,0,0,0,0,0,0,0,0,0,0,0,50
11847973,1476.60774459733,1,0,0,0,0,0,0,0,0,0,0,0,0,0,0,0,0,0,0,0,0,152
6491662,1476.55414267079,1,0,0,0,0,0,0,0,0,0,0,0,0,0,0,0,0,0,0,0,0,126
14183344,1476.41815667842,1,0,0,0,0,0,0,0,0,0,0,0,0,0,0,0,0,0,0,0,0,45
4578623,1476.41128995271,1,0,0,0,0,0,0,0,0,0,0,0,0,0,0,0,0,0,0,0,0,191
12609866,1476.18632964088,1,0,0,0,0,0,0,0,0,0,0,0,0,0,0,0,0,0,0,0,0,38
3607627,1476.04894096342,1,0,0,0,0,0,0,0,0,0,0,0,0,0,0,0,0,0,0,0,0,127
10743104,1475.96167316024,1,0,0,0,0,0,0,0,0,0,0,0,0,0,0,0,0,0,0,0,0,70
21618923,1475.73898690511,1,0,0,0,0,0,0,0,0,0,0,0,0,0,0,0,0,0,0,0,0,170
25009977,1475.63202435065,1,0,0,0,0,0,0,0,0,0,0,0,0,0,0,0,0,0,0,0,0,227
16976321,1475.53499391411,1,0,0,0,0,0,0,0,0,0,0,0,0,0,0,0,0,0,0,0,0,160
15799171,1475.29411764706,1,0,0,0,0,0,0,0,0,0,0,0,0,0,0,0,0,0,0,0,0,213
8102178,1475.28906327865,1,0,0,0,0,0,0,0,0,0,0,0,0,0,0,0,0,0,0,0,0,152
16346418,1475.28849790408,1,0,0,0,0,0,0,0,0,0,0,0,0,0,0,0,0,0,0,0,0,202
17929610,1475.24562073069,2,0,0,0,0,0,0,0,0,0,0,0,0,0,0,0,0,0,0,0,0,56
15044350,1475.23224907814,1,0,0,0,0,0,0,0,0,0,0,0,0,0,0,0,0,0,0,0,0,123
10989656,1475.17773857844,2,0,0,0,0,0,0,0,0,0,0,0,0,0,0,0,0,0,0,0,0,30
17361242,1474.98632964088,1,0,0,0,0,0,0,0,0,0,0,0,0,0,0,0,0,0,0,0,0,38
13156947,1474.94889248447,2,0,0,0,0,0,0,0,0,0,0,0,0,0,0,0,0,0,0,0,0,13
10776788,1474.78249685553,1,0,0,0,0,0,0,0,0,0,0,0,0,0,0,0,0,0,0,0,0,240
17525935,1474.66952014794,1,0,0,0,0,0,0,0,0,0,0,0,0,0,0,0,0,0,0,0,0,43
12532297,1474.31997731141,2,0,0,0,0,0,0,0,0,0,0,0,0,0,0,0,0,0,0,0,0,143
17522084,1474.26843280985,1,0,0,0,0,0,0,0,0,0,0,0,0,0,0,0,0,0,0,0,0,191
9550257,1474.01383572736,1,0,0,0,0,0,0,0,0,0,0,0,0,0,0,0,0,0,0,0,0,9
12045415,1473.97038195997,1,0,0,0,0,0,0,0,0,0,0,0,0,0,0,0,0,0,0,0,0,152
16716753,1473.81275344823,11,1,0,0,0,0,0,0,0,0,0,0,0,0,0,0,0,0,0,0,0,115
4785993,1473.72147736181,14,0,0,0,0,0,0,0,0,0,0,0,0,0,0,0,0,0,0,0,0,8
9443743,1473.71167316024,1,0,0,0,0,0,0,0,0,0,0,0,0,0,0,0,0,0,0,0,0,70
18075313,1473.57107682592,2,0,0,0,0,0,0,0,0,0,0,0,0,0,0,0,0,0,0,0,0,139
15476086,1473.4513080044,1,0,0,0,0,0,0,0,0,0,0,0,0,0,0,0,0,0,0,0,0,50
2157578,1473.31104130063,1,0,0,0,0,0,0,0,0,0,0,0,0,0,0,0,0,0,0,0,0,152
14607172,1473.30961826268,1,0,0,0,0,0,0,0,0,0,0,0,0,0,0,0,0,0,0,0,0,140
14436770,1473.09453276244,9,0,0,0,0,0,0,0,0,0,0,0,0,0,0,0,0,0,0,0,0,23
25541603,1473.04894096342,1,0,0,0,0,0,0,0,0,0,0,0,0,0,0,0,0,0,0,0,0,127
18443230,1472.88184404796,1,0,0,0,0,0,0,0,0,0,0,0,0,0,0,0,0,0,0,0,0,170
29317870,1472.77488149351,1,0,0,0,0,0,0,0,0,0,0,0,0,0,0,0,0,0,0,0,0,227
18894701,1472.65170064129,1,0,0,0,0,0,0,0,0,0,0,0,0,0,0,0,0,0,0,0,0,152
4795670,1472.58632964088,1,0,0,0,0,0,0,0,0,0,0,0,0,0,0,0,0,0,0,0,0,38
6561900,1472.125575667,1,0,0,0,0,0,0,0,0,0,0,0,0,0,0,0,0,0,0,0,0,191
8549010,1472.01331003911,8,0,0,0,0,0,0,0,0,0,0,0,0,0,0,0,0,0,0,0,0,119
12978497,1471.68799664105,1,0,0,0,0,0,0,0,0,0,0,0,0,0,0,0,0,0,0,0,0,140
10300115,1471.38632964088,1,0,0,0,0,0,0,0,0,0,0,0,0,0,0,0,0,0,0,0,0,38
26615990,1471.24821068103,1,0,0,0,0,0,0,0,0,0,0,0,0,0,0,0,0,0,0,0,0,77
8719956,1470.73910540025,2,0,0,0,0,0,0,0,0,0,0,0,0,0,0,0,0,0,0,0,0,202
10996409,1470.72490408679,2,0,0,0,0,0,0,0,0,0,0,0,0,0,0,0,0,0,0,0,0,186
14920057,1470.67367866327,1,0,0,0,0,0,0,0,0,0,0,0,0,0,0,0,0,0,0,0,0,152
14503827,1470.14939924558,1,0,0,0,0,0,0,0,0,0,0,0,0,0,0,0,0,0,0,0,0,149
8165685,1470.10236720474,1,0,0,0,0,0,0,0,0,0,0,0,0,0,0,0,0,0,0,0,0,45
24707498,1470.08044845957,1,0,0,0,0,0,0,0,0,0,0,0,0,0,0,0,0,0,0,0,0,160
29426345,1470.07174009279,1,0,0,0,0,0,0,0,0,0,0,0,0,0,0,0,0,0,0,0,0,77
22820724,1470.06637501943,1,0,0,0,0,0,0,0,0,0,0,0,0,0,0,0,0,0,0,0,0,140
10779439,1470.05413553256,1,0,0,0,0,0,0,0,0,0,0,0,0,0,0,0,0,0,0,0,0,43
19105150,1470.02470119082,1,0,0,0,0,0,0,0,0,0,0,0,0,0,0,0,0,0,0,0,0,170
24836726,1470.01433800393,1,0,0,0,0,0,0,0,0,0,0,0,0,0,0,0,0,0,0,0,0,152
12635292,1470.01383572736,1,0,0,0,0,0,0,0,0,0,0,0,0,0,0,0,0,0,0,0,0,9
3170543,1470,1,0,0,0,0,0,0,0,0,0,0,0,0,0,0,0,0,0,0,0,0,57
17008037,1470,1,0,0,0,0,0,0,0,0,0,0,0,0,0,0,0,0,0,0,0,0,79
4095562,1470,1,0,0,0,0,0,0,0,0,0,0,0,0,0,0,0,0,0,0,0,0,137
15242224,1470,1,0,0,0,0,0,0,0,0,0,0,0,0,0,0,0,0,0,0,0,0,204
15173398,1469.98271852414,1,0,0,0,0,0,0,0,0,0,0,0,0,0,0,0,0,0,0,0,0,191
13805319,1469.94183665457,1,0,0,0,0,0,0,0,0,0,0,0,0,0,0,0,0,0,0,0,0,75
11558544,1469.88747600412,1,0,0,0,0,0,0,0,0,0,0,0,0,0,0,0,0,0,0,0,0,126
8921554,1469.55732830272,4,0,0,0,0,0,0,0,0,0,0,0,0,0,0,0,0,0,0,0,0,70
19039463,1468.13413755915,5,0,0,0,0,0,0,0,0,0,0,0,0,0,0,0,0,0,0,0,0,23
19233014,1466.9355710559,2,0,0,0,0,0,0,0,0,0,0,0,0,0,0,0,0,0,0,0,0,13
9235127,1465.60971147442,5,0,0,0,0,0,0,0,0,0,0,0,0,0,0,0,0,0,0,0,0,30
19521889,1465.58786591858,6,0,0,0,0,0,0,0,0,0,0,0,0,0,0,0,0,0,0,0,0,23
12831353,1465.36522761032,4,0,0,0,0,0,0,0,0,0,0,0,0,0,0,0,0,0,0,0,0,30
14897847,1465.31233147267,2,0,0,0,0,0,0,0,0,0,0,0,0,0,0,0,0,0,0,0,0,30
10649224,1464.75412221147,9,0,0,0,0,0,0,0,0,0,0,0,0,0,0,0,0,0,0,0,0,138
24280511,1464.15428583603,5,0,0,0,0,0,0,0,0,0,0,0,0,0,0,0,0,0,0,0,0,30
13503203,1462.70825054219,9,0,0,0,0,0,0,0,0,0,0,0,0,0,0,0,0,0,0,0,0,132
18441457,1462.27308872561,3,0,0,0,0,0,0,0,0,0,0,0,0,0,0,0,0,0,0,0,0,186
22729247,1462.05311606958,2,0,0,0,0,0,0,0,0,0,0,0,0,0,0,0,0,0,0,0,0,20
17908427,1461.98494027076,6,0,0,0,0,0,0,0,0,0,0,0,0,0,0,0,0,0,0,0,0,182
7153533,1460.80377222184,2,0,0,0,0,0,0,0,0,0,0,0,0,0,0,0,0,0,0,0,0,112
12068522,1460.0442311024,10,0,0,0,0,0,0,0,0,0,0,0,0,0,0,0,0,0,0,0,0,138
13319294,1459.89540815476,5,0,0,0,0,0,0,0,0,0,0,0,0,0,0,0,0,0,0,0,0,127
7439525,1459.16541336415,2,0,0,0,0,0,0,0,0,0,0,0,0,0,0,0,0,0,0,0,0,206
11612720,1458.9863278813,8,0,1,0,0,0,0,0,0,0,0,0,0,0,0,0,0,0,0,0,0,217
16705116,1458.38096524925,13,0,1,0,0,0,0,0,0,0,0,0,0,0,0,0,0,0,0,0,0,231
14156003,1457.6586536201,2,0,0,0,0,0,0,0,0,0,0,0,0,0,0,0,0,0,0,0,0,182
10996667,1457.45321391304,2,0,0,0,0,0,0,0,0,0,0,0,0,0,0,0,0,0,0,0,0,13
16557587,1457.43664687083,7,1,1,0,0,0,0,0,0,0,0,0,0,0,0,0,0,0,0,0,0,63
17311699,1457.29176118849,9,0,0,0,0,0,0,0,0,0,0,0,0,0,0,0,0,0,0,0,0,30
14492815,1456.97178250057,4,0,0,0,0,0,0,0,0,0,0,0,0,0,0,0,0,0,0,0,0,199
12223059,1456.81368662374,5,0,0,0,0,0,0,0,0,0,0,0,0,0,0,0,0,0,0,0,0,138
6386735,1455.66319940878,9,1,2,0,0,0,0,0,0,0,0,0,0,0,0,0,0,0,0,0,0,65
19132590,1455.59941043456,4,0,0,0,0,0,0,0,0,0,0,0,0,0,0,0,0,0,0,0,0,23
9504197,1455.46601229086,16,0,0,0,0,0,0,0,0,0,0,0,0,0,0,0,0,0,0,0,0,231
10474988,1454.95803717344,5,1,1,0,0,0,0,0,0,1,0,0,0,0,0,0,0,0,0,0,0,0
30678014,1454.85576244604,4,0,0,0,0,0,0,0,0,0,0,0,0,0,0,0,0,0,0,0,0,160
13571846,1452.43135014395,2,0,0,0,0,0,0,0,0,0,0,0,0,0,0,0,0,0,0,0,0,70
13368273,1452.37888178128,2,0,0,0,0,0,0,0,0,0,0,0,0,0,0,0,0,0,0,0,0,90
3860334,1451.37589011728,3,0,0,0,0,0,0,0,0,0,0,0,0,0,0,0,0,0,0,0,0,80
11863174,1451.17472851779,6,0,0,0,0,0,0,0,0,0,0,0,0,0,0,0,0,0,0,0,0,138
11760440,1451.00563028106,11,0,0,0,0,0,0,0,0,0,0,0,0,0,0,0,0,0,0,0,0,22
9754897,1450.42150261496,5,0,0,0,0,0,0,0,0,0,0,0,0,0,0,0,0,0,0,0,0,139
12538697,1448.55958268512,2,0,0,0,0,0,0,0,0,0,0,0,0,0,0,0,0,0,0,0,0,63
19788726,1448.19312961391,5,0,0,0,0,0,0,0,0,0,0,0,0,0,0,0,0,0,0,0,0,23
7009485,1447.93358175768,5,0,0,0,1,2,0,0,0,0,0,0,0,0,0,1,0,0,0,0,0,0
6286661,1447.87731941753,3,0,0,0,0,0,0,0,0,0,0,0,0,0,0,0,0,0,0,0,0,126
18638618,1447.33161511462,2,0,0,0,0,0,0,0,0,0,0,0,0,0,0,0,0,0,0,0,0,90
18224888,1447.24663728115,9,0,0,0,0,0,0,0,0,0,0,0,0,0,0,0,0,0,0,0,0,195
18131614,1446.19854229977,5,0,1,0,0,0,0,0,0,0,0,0,0,0,0,0,0,0,0,0,0,125
22232975,1445.29842245398,5,0,0,0,0,0,0,0,0,0,0,0,0,0,0,0,0,0,0,0,0,30
13929161,1444.71447681704,4,1,3,0,0,0,0,0,0,0,0,0,0,0,0,0,0,0,0,0,0,83
22420629,1444.36997514395,2,0,0,0,0,0,0,0,0,0,0,0,0,0,0,0,0,0,0,0,0,70
14223852,1443.89334220643,5,0,0,0,0,0,0,0,0,0,0,0,0,0,0,0,0,0,0,0,0,186
15451297,1443.50700295864,3,0,0,0,0,0,0,0,0,0,0,0,0,0,0,0,0,0,0,0,0,182
14188713,1442.99673035527,11,0,0,0,0,0,0,0,0,0,0,0,0,0,0,0,0,0,0,0,0,22
4525240,1442.81754222788,2,0,0,0,0,0,0,0,0,0,0,0,0,0,0,0,0,0,0,0,0,15
12192216,1441.21312095645,12,0,1,0,0,0,0,0,0,0,0,0,0,0,0,0,0,0,0,0,0,22
6489819,1440.97484456967,6,0,0,0,0,0,0,0,0,0,0,0,0,0,0,0,0,0,0,0,0,138
9685975,1440.73582546635,22,0,0,0,0,0,0,0,0,0,0,0,0,0,0,0,0,0,0,0,0,17
13402768,1440.38982762225,4,0,0,0,0,0,0,0,0,0,0,0,0,0,0,0,0,0,0,0,0,23
9569443,1439.90507222363,12,5,5,0,0,0,0,0,0,0,0,0,0,0,0,0,0,0,0,0,0,176
17285852,1439.60088753996,3,0,0,0,0,0,0,0,0,0,0,0,0,0,0,0,0,0,0,0,0,139
20651295,1436.4084156462,6,0,0,0,0,0,0,0,0,0,0,0,0,0,0,0,0,0,0,0,0,56
15643336,1435.94408088782,3,0,0,0,0,0,0,0,0,0,0,0,0,0,0,0,0,0,0,0,0,186
13332111,1435.31084470263,4,0,0,0,1,1,0,0,0,0,0,0,0,0,0,0,0,0,1,0,0,0
12834207,1435.2170402706,4,0,0,0,0,0,0,0,0,0,0,0,0,0,0,0,0,0,0,0,0,182
9468744,1434.36020207151,10,0,1,0,0,0,0,0,0,0,0,0,0,0,0,0,0,0,0,0,0,115
8186536,1432.20156953865,9,2,1,0,0,0,0,0,0,0,0,0,0,0,0,0,0,0,0,0,0,65
8266808,1431.12679487912,9,0,0,0,0,0,0,0,0,0,0,0,0,0,0,0,0,0,0,0,0,17
12849730,1430.23769885251,9,0,0,0,0,0,0,0,0,0,0,0,0,0,0,0,0,0,0,0,0,17
23666457,1426.5408997092,3,0,0,0,0,0,0,0,0,0,0,0,0,0,0,0,0,0,0,0,0,26
20133312,1424.56710422855,4,0,0,0,0,0,0,0,0,0,0,0,0,0,0,0,0,0,0,0,0,139
19651073,1423.88656342535,5,0,0,0,0,0,0,0,0,0,0,0,0,0,0,0,0,0,0,0,0,23
11332703,1423.84173262396,5,1,3,0,0,0,0,0,0,0,0,0,0,0,0,0,0,0,0,0,0,78
14913109,1422.14717770794,7,1,0,0,0,0,0,0,0,0,0,0,0,0,0,0,0,0,0,0,0,23
17709282,1421.77122142746,10,0,0,0,0,0,0,0,0,0,0,0,0,0,0,0,0,0,0,0,0,22
24442298,1420.97721955247,16,2,0,0,0,0,0,0,0,0,0,0,0,0,0,0,0,0,0,0,0,231
2905026,1420.90307187154,4,0,3,0,0,0,0,0,0,0,0,0,0,0,0,0,0,0,0,0,0,40
16587039,1418.97212358764,5,0,0,0,0,0,0,0,0,0,0,0,0,0,0,0,0,0,0,0,0,139
10336501,1413.96671374258,9,2,3,0,0,0,0,0,0,0,0,0,0,0,0,0,0,0,0,0,0,26
27034705,1412.14552456013,3,0,0,0,0,0,0,0,0,0,0,0,0,0,0,0,0,0,0,0,0,80
19410017,1410.12343876146,9,0,2,0,0,0,0,0,0,0,0,0,0,0,0,0,0,0,0,0,0,114
10523453,1406.38838334639,9,0,1,0,0,0,0,0,0,0,0,0,0,0,0,0,0,0,0,0,0,195
11307733,1405.42063626641,8,0,0,0,0,0,0,0,0,0,0,0,0,0,0,0,0,0,0,0,0,217
12876492,1402.23873447232,6,0,0,0,0,0,0,0,0,0,0,0,0,0,0,0,0,0,0,0,0,138
4266157,1400.22599249219,4,0,0,0,0,0,0,0,0,0,0,0,0,0,0,0,0,0,0,0,0,199
7924976,1397.99527539312,10,0,0,0,0,0,0,0,0,0,0,0,0,0,0,0,0,0,0,0,0,164
16725953,1396.01321149567,15,0,0,0,0,0,0,0,0,0,0,0,0,0,0,0,0,0,0,0,0,155
17950866,1393.61430048224,7,0,0,0,0,0,0,0,0,0,0,0,0,0,0,0,0,0,0,0,0,217
19035308,1387.2821062413,18,0,0,0,0,0,0,0,0,0,0,0,0,0,0,0,0,0,0,0,0,155
13971254,1386.98216153316,10,0,0,0,0,0,0,0,0,0,0,0,0,0,0,0,0,0,0,0,0,217
15375919,1386.76226819407,16,0,0,0,0,0,0,0,0,0,0,0,0,0,0,0,0,0,0,0,0,231
16212851,1384.86186695602,9,0,0,0,0,0,0,0,0,0,0,0,0,0,0,0,0,0,0,0,0,17
19932256,1384.7591694965,4,0,3,0,0,0,0,0,0,0,0,0,0,0,0,0,0,0,0,0,0,185
17807335,1384.71749386537,4,0,0,0,0,0,0,0,0,0,0,0,0,0,0,0,0,0,0,0,0,20
11184264,1384.03061538963,4,0,3,0,0,0,0,0,0,0,0,0,0,0,0,0,0,0,0,0,0,222
14977332,1379.11904509927,9,0,1,0,0,0,0,0,0,0,0,0,0,0,0,0,0,0,0,0,0,34
11901115,1377.33306701909,21,0,0,0,0,0,0,0,0,0,0,0,0,0,0,0,0,0,0,0,0,138
12446486,1374.16963486107,9,1,2,0,0,0,0,0,0,0,0,0,0,0,0,0,0,0,0,0,0,114
12139352,1372.38146889992,13,0,0,0,0,0,0,0,0,0,0,0,0,0,0,0,0,0,0,0,0,8
13600612,1369.14560865204,17,0,0,0,0,0,0,0,0,0,0,0,0,0,0,0,0,0,0,0,0,70
13126698,1368.85201361929,10,0,0,0,0,0,0,0,0,0,0,0,0,0,0,0,0,0,0,0,0,164
13935409,1367.5589916228,10,1,5,0,0,0,0,0,0,0,0,0,0,0,0,0,0,0,0,0,0,75
20748423,1364.02049175856,9,0,0,0,0,0,0,0,0,0,0,0,0,0,0,0,0,0,0,0,0,164
19026367,1357.21073899452,5,0,0,0,0,0,3,0,0,0,0,0,0,0,0,0,0,0,0,0,1,0
11225861,1355.72847071854,11,0,0,0,0,0,0,0,0,0,0,0,0,0,0,0,0,0,0,0,0,17
16465883,1355.30516637061,18,0,0,0,0,0,0,0,0,0,0,0,0,0,0,0,0,0,0,0,0,155
4991273,1350.61384381664,10,1,5,0,0,0,0,0,0,0,0,0,0,0,0,0,0,0,0,0,0,4
17310248,1349.6732865624,6,0,0,0,0,0,0,0,0,0,0,0,0,0,0,0,0,0,0,0,0,217
14411486,1349.53298255142,16,0,0,0,0,0,0,0,0,0,0,0,0,0,0,0,0,0,0,0,0,231
7668033,1348.69610420794,18,0,0,0,0,0,0,0,0,0,0,0,0,0,0,0,0,0,0,0,0,155
14030918,1344.7100777232,11,0,0,0,0,0,0,0,0,0,0,0,0,0,0,0,0,0,0,0,0,163
9587896,1341.04922571337,8,0,0,0,0,0,0,0,0,0,0,0,0,0,0,0,0,0,0,0,0,164
17865200,1340.98648844851,10,0,0,0,0,0,0,0,0,0,0,0,0,0,0,0,0,0,0,0,0,5
2214422,1340.90303648221,16,0,0,0,0,0,0,0,0,0,0,0,0,0,0,0,0,0,0,0,0,231
10722794,1338.26580016725,7,0,0,0,0,0,0,0,0,0,0,0,0,0,0,0,0,0,0,0,0,217
11502817,1327.31887841937,13,0,0,0,0,0,0,0,0,0,0,0,0,0,0,0,0,0,0,0,0,217
12869672,1327.09306567215,22,0,0,0,0,0,0,0,0,0,0,0,0,0,0,0,0,0,0,0,0,22
12635653,1326.30376273649,9,0,0,0,0,0,0,0,0,0,0,0,0,0,0,0,0,0,0,0,0,17
12387359,1325.41840494535,9,0,0,0,0,0,0,0,0,0,0,0,0,0,0,0,0,0,0,0,0,195
14065788,1321.36625287127,22,0,0,0,0,0,0,0,0,0,0,0,0,0,0,0,0,0,0,0,0,17
7662077,1312.54735336111,9,0,0,0,0,0,0,0,0,0,0,0,0,0,0,0,0,0,0,0,0,17
15873129,1305.3237045648,15,0,1,0,0,0,0,0,0,0,0,0,0,0,0,0,0,0,0,0,0,8
19595188,1300.5419881541,11,0,0,0,0,0,0,0,0,0,0,0,0,0,0,0,0,0,0,0,0,22
19564769,1294.07098422268,10,0,0,0,0,0,0,0,0,0,0,0,0,0,0,0,0,0,0,0,0,115
13876510,1292.60646198214,9,0,0,0,0,0,0,0,0,0,0,0,0,0,0,0,0,0,0,0,0,34
10332811,1290.64184215867,20,0,0,0,0,0,0,0,0,0,0,0,0,0,0,0,0,0,0,0,0,22
12351533,1287.06665322548,16,0,0,0,0,0,0,0,0,0,0,0,0,0,0,0,0,0,0,0,0,41
3999924,1286.94813253383,16,0,0,0,0,0,0,0,0,0,0,0,0,0,0,0,0,0,0,0,0,231
1846894,1286.87540227383,11,0,0,0,0,0,0,0,0,0,0,0,0,0,0,0,0,0,0,0,0,22
19662107,1285.1930715116,12,0,0,0,0,0,0,0,0,0,0,0,0,0,0,0,0,0,0,0,0,22
15652056,1285.12572181583,8,0,0,0,0,0,0,0,0,0,0,0,0,0,0,0,0,0,0,0,0,119
16274214,1278.00187332751,9,0,0,0,0,0,0,0,0,0,0,0,0,0,0,0,0,0,0,0,0,22
20608807,1270.61294859664,16,0,0,0,0,0,0,0,0,0,0,0,0,0,0,0,0,0,0,0,0,231
11938718,1256.07234591135,16,0,0,0,0,0,0,0,0,0,0,0,0,0,0,0,0,0,0,0,0,231
9931217,1244.68723798867,18,0,0,0,0,0,0,0,0,0,0,0,0,0,0,0,0,0,0,0,0,155
21939379,1241.10020164972,18,0,0,0,0,0,0,0,0,0,0,0,0,0,0,0,0,0,0,0,0,155
29460766,1237.68667487095,15,0,0,0,0,0,0,0,0,0,0,0,0,0,0,0,0,0,0,0,0,8
17958161,1237.10086923775,10,0,0,0,0,0,0,0,0,0,0,0,0,0,0,0,0,0,0,0,0,22
14607058,1203.80620396948,18,0,0,0,0,0,0,0,0,0,0,0,0,0,0,0,0,0,0,0,0,155
12086495,1189.6710191496,16,0,0,0,0,0,0,0,0,0,0,0,0,0,0,0,0,0,0,0,0,231
