"RatingPeriod","UserID","Username","GlobalRank","PP","RME","RMERanking","Location","RegistrationDate","Games"
2023-01-01,9367417,"-Ryn-",14957,7872.58,2033.43090993385,1,"Vietnam","2016-12-04 03:13:55+00:00",36
2023-01-01,6781232,"Shocola",27620,6863.52,1773.0265378096,2,"Malaysia","2015-07-17 10:10:06+00:00",16
2023-01-01,15858332,"Steakdose123",2941,10612.5,1768.74861836084,3,"Germany","2019-12-28 01:03:38+00:00",30
2023-01-01,12941954,"Sabakan-",2550,10862.7,1768.3626167609,4,"Japan","2018-08-22 05:07:36+00:00",21
2023-01-01,10910261,"Hu_Ai",14272,7953.83,1764.8522875419,5,"Malaysia","2017-09-27 10:03:59+00:00",16
2023-01-01,7989469,"Zefkiel",33695,6538.35,1760.25391328622,6,"Taiwan","2016-02-24 11:26:17+00:00",16
2023-01-01,11021073,"baoo",516,13790.6,1754.46967504275,7,"Vietnam","2017-10-18 14:59:06+00:00",12
2023-01-01,18948749,"t4hN",3652,10247.7,1734.65501530662,8,"Vietnam","2020-10-19 10:00:54+00:00",18
2023-01-01,11234706,"ZeitFrost",856,12861.2,1732.7558292242,9,"Germany","2017-11-26 14:54:27+00:00",22
2023-01-01,12805967,"Lukiii",608,13510,1732.69648951013,10,"Germany","2018-08-05 14:33:52+00:00",11
2023-01-01,4383303,"Kokuban",826,12938.2,1732.4163373043,11,"Germany","2014-05-11 20:24:12+00:00",11
2023-01-01,11889106,"Ruination",15983,7760.56,1730.37472438926,12,"Malaysia","2018-03-11 02:49:27+00:00",16
2023-01-01,10542491,"-Kiyoko-",9273,8654.88,1721.38152896121,13,"Vietnam","2017-07-22 11:12:17+00:00",18
2023-01-01,22461441,"3BDOOO",10179,8511.6,1713.26734907865,14,"Saudi Arabia","2021-04-06 06:40:55+00:00",9
2023-01-01,13972957,"furytail",12313,8202.38,1709.57194484679,15,"United Kingdom","2019-02-20 17:46:52+00:00",15
2023-01-01,18781432,"EPEMA",4237,10013.7,1707.1740439648,16,"Ukraine","2020-10-05 12:46:27+00:00",12
2023-01-01,2165650,"mcy4",51,18346.1,1705.35310649268,17,"Hong Kong","2012-12-08 08:33:38+00:00",9
2023-01-01,9098192,"jakk",30905,6681.87,1703.70862149159,18,"United Kingdom","2016-10-08 07:40:19+00:00",20
2023-01-01,11688228,"updraft",4329,9977.02,1701.3195274813,19,"Vietnam","2018-02-05 14:18:55+00:00",11
2023-01-01,4755314,"FlashoFoSho",919,12704.1,1694.12182680283,20,"United States","2014-08-06 15:28:10+00:00",10
2023-01-01,14977562,"axyb",1227,12237.5,1693.96944282564,21,"Vietnam","2019-08-12 10:46:20+00:00",9
2023-01-01,16320893,"-Dever",7387,9038.4,1690.15214096786,22,"Denmark","2020-03-03 14:40:31+00:00",15
2023-01-01,7373182,"[Winter]",15640,7799.02,1684.64838608711,23,"Malaysia","2015-11-06 12:51:40+00:00",16
2023-01-01,16128060,"Meownomia",52954,5797.45,1680.81812745024,24,"Vietnam","2020-02-05 05:22:39+00:00",32
2023-01-01,6303313,"Mathyu",458,14005.7,1679.64770765987,25,"United States","2015-04-10 23:30:51+00:00",8
2023-01-01,14030856,"Sonocchoz",17742,7586.39,1678.1666099256,26,"Vietnam","2019-03-03 07:08:52+00:00",10
2023-01-01,10143086,"hotcat190",5935,9426.5,1676.00199686394,27,"Vietnam","2017-05-02 14:36:32+00:00",12
2023-01-01,17958319,"Treedwards",20257,7370.4,1672.73571806156,28,"Malaysia","2020-08-03 12:03:47+00:00",16
2023-01-01,13310147,"Uzumaki",2951,10608,1671.01048479616,29,"United States","2018-10-24 21:04:19+00:00",10
2023-01-01,5413624,"Hibiki",1194,12284.7,1652.25002027737,30,"Hong Kong","2014-12-24 13:28:57+00:00",9
2023-01-01,9074108,"Steckdose123",1731,11556.5,1649.62799842497,31,"Germany","2016-10-02 09:39:52+00:00",12
2023-01-01,23988536,"IiIy",26033,6959,1634.41072884085,32,"Vietnam","2021-06-10 14:52:12+00:00",17
2023-01-01,19884809,"ajmosca",25091,7020.61,1633.76387733412,33,"United States","2020-12-17 04:53:08+00:00",7
2023-01-01,6790404,"[Geno]",18593,7510.3,1628.85283274929,34,"Vietnam","2015-07-19 03:01:20+00:00",10
2023-01-01,14053835,"dragonlemmy",22161,7222.41,1628.46355505175,35,"Malaysia","2019-03-07 13:22:00+00:00",16
2023-01-01,16227745,"F2X",464,13962.9,1626.74374666293,36,"Hong Kong","2020-02-19 10:34:55+00:00",9
2023-01-01,4571123,"Mighty Paws",552,13678,1620.92708461593,37,"Poland","2014-06-24 15:49:47+00:00",5
2023-01-01,16094871,"hvke",560,13658.7,1619.73280833169,38,"Vietnam","2020-01-31 15:16:38+00:00",11
2023-01-01,6643511,"tplc",12609,8162.79,1616.61642025316,39,"Germany","2015-06-20 22:11:43+00:00",12
2023-01-01,13767572,"Saiyku",43,18671.7,1613.04384803168,40,"New Zealand","2019-01-15 08:02:09+00:00",4
2023-01-01,5449433,"Ui chan",3212,10466.8,1612.7510805862,41,"Vietnam","2014-12-30 12:17:01+00:00",5
2023-01-01,6025925,"-Private",34207,6513.68,1612.74831776443,42,"Malaysia","2015-02-18 08:00:28+00:00",16
2023-01-01,3929529,"mniminwoo",697,13253.1,1607.17642711521,43,"United States","2014-01-25 19:40:35+00:00",8
2023-01-01,11194087,"Ixcors",68621,5372.94,1606.688249396,44,"Singapore","2017-11-19 15:15:48+00:00",8
2023-01-01,7717845,"Avery",28106,6834.79,1606.00624139921,45,"United States","2016-01-08 23:24:31+00:00",7
2023-01-01,14953642,"Phoeni_",1711,11574.9,1602.99173599215,46,"Vietnam","2019-08-08 11:26:43+00:00",6
2023-01-01,13281473,"Antti",51091,5857.16,1602.4707873008,47,"Finland","2018-10-19 15:36:57+00:00",4
2023-01-01,13467691,"Naiwo",916,12709.5,1601.70665542419,48,"Germany","2018-11-23 17:11:09+00:00",22
2023-01-01,8699021,"Mitoharu",11661,8288.79,1597.592458417,49,"Taiwan","2016-07-13 16:26:31+00:00",4
2023-01-01,11405734,"Bijou Koseki",5271,9629.14,1597.18443925572,50,"Peru","2017-12-25 03:50:28+00:00",4
2023-01-01,9938943,"aknzx",11,20572.8,1595.96938461037,51,"Australia","2017-03-23 09:03:42+00:00",4
2023-01-01,26796620,"ver2ice",81529,5088.5,1595.3608305035,52,"Russian Federation","2021-10-26 15:58:39+00:00",4
2023-01-01,15846736,"-Jayden",22039,7230.53,1591.95082085033,53,"Germany","2019-12-26 14:46:11+00:00",4
2023-01-01,16748549,"Thinhhhh",21381,7281.57,1591.33344656732,54,"Vietnam","2020-04-16 13:08:12+00:00",27
2023-01-01,20087811,"Jolly Ranchers",8888,8722.09,1588.10956322961,55,"Canada","2020-12-29 03:14:53+00:00",5
2023-01-01,19364028,"Stormur",3356,10396.2,1584.38142832252,56,"United Kingdom","2020-11-15 01:32:48+00:00",15
2023-01-01,9523661,"Tabletti",2599,10826,1576.80935837597,57,"Finland","2017-01-04 16:53:35+00:00",6
2023-01-01,10634348,"EthantrixV2",1610,11701.9,1574.99249806856,58,"United States","2017-08-08 21:17:07+00:00",10
2023-01-01,14472389,"Scrn",61344,5555.88,1574.62553304412,59,"Poland","2019-05-14 15:58:38+00:00",7
2023-01-01,11255340,"FlatPaper",8699,8757.09,1573.12324282608,60,"Canada","2017-11-30 18:42:38+00:00",4
2023-01-01,17911347,"Toshee",24415,7065.98,1568.32536276013,61,"Vietnam","2020-07-30 13:07:36+00:00",3
2023-01-01,13381374,"zak1e",7116,9099.94,1567.71315070799,62,"Vietnam","2018-11-07 12:35:43+00:00",16
2023-01-01,11119010,"lizzzil",1743,11547,1566.06062982155,63,"Japan","2017-11-06 04:29:24+00:00",9
2023-01-01,6036351,"M I L E S",1554,11759.4,1563.7697512093,64,"United States","2015-02-20 00:33:58+00:00",3
2023-01-01,13516784,"Dreaming-",23082,7158.43,1563.27543318146,65,"Malaysia","2018-12-02 05:56:43+00:00",16
2023-01-01,13826244,"aiyern",33619,6543.06,1562.63481148609,66,"Vietnam","2019-01-25 12:50:04+00:00",7
2023-01-01,8726490,"souljaboytellem",6105,9376.43,1562.61197421064,67,"Ireland","2016-07-19 17:37:14+00:00",5
2023-01-01,8077264,"Yowmoo",61216,5559.69,1561.28026796409,68,"Indonesia","2016-03-12 07:26:12+00:00",5
2023-01-01,9560694,"DuoX",16924,7664.68,1559.32952346964,69,"Malaysia","2017-01-11 11:57:37+00:00",2
2023-01-01,11718072,"TobseN",1997,11304.5,1557.69690822794,70,"Germany","2018-02-10 14:11:38+00:00",20
2023-01-01,23180405,"Meagan",54045,5763.57,1556.91763460857,71,"Australia","2021-05-05 07:19:56+00:00",4
2023-01-01,17405526,"Farees on osu",27225,6886.7,1556.8558841939,72,"Malaysia","2020-06-15 15:12:04+00:00",2
2023-01-01,17979410,"Aoi Hinami",92783,4874.76,1555.96190936352,73,"Indonesia","2020-08-05 03:23:59+00:00",7
2023-01-01,13141032,"Liz to Aoi Tori",6637,9228.29,1554.12437989188,74,"Vietnam","2018-09-23 09:40:34+00:00",11
2023-01-01,12125203,"Mugi94",36487,6408.53,1553.81347601628,75,"France","2018-04-20 18:30:08+00:00",6
2023-01-01,9834366,"ashwagafu",24229,7077.79,1553.54886332828,76,"Philippines","2017-03-04 04:00:11+00:00",3
2023-01-01,12537417,"Hydrole",5569,9536.53,1551.53368641855,77,"United States","2018-06-25 05:08:47+00:00",2
2023-01-01,2541804,"kymotsujason",21118,7303.01,1551.21852971622,78,"Canada","2013-04-14 05:22:27+00:00",3
2023-01-01,10701875,"s0me",9683,8584.11,1550.73826907225,79,"Vietnam","2017-08-20 13:06:51+00:00",16
2023-01-01,10676573,"Birchman",5834,9455.41,1550.38202342306,80,"Canada","2017-08-16 04:41:49+00:00",2
2023-01-01,9323821,"hedayo",5155,9663.66,1549.61396559264,81,"Poland","2016-11-25 18:33:39+00:00",3
2023-01-01,10290641,"EulaFootEnjoyer",11052,8381.32,1549.23688301001,82,"Germany","2017-06-01 16:05:25+00:00",12
2023-01-01,9091312,"masi paws",3178,10482.4,1548.90821199645,83,"Poland","2016-10-06 17:37:20+00:00",5
2023-01-01,8364754,"waste-",1966,11332.9,1547.01641722788,84,"Norway","2016-05-06 14:02:28+00:00",2
2023-01-01,14897088,"wooting",745,13135.7,1546.74496516581,85,"Germany","2019-07-28 14:06:00+00:00",9
2023-01-01,6867478,"Buszek",9143,8676.65,1546.63485001566,86,"Poland","2015-08-02 15:51:21+00:00",3
2023-01-01,19755259,"quizzz_",6206,9350.76,1546.19072138624,87,"Russian Federation","2020-12-09 06:36:27+00:00",6
2023-01-01,11189164,"Ryshult",53150,5791.88,1545.79854706355,88,"France","2017-11-18 21:16:49+00:00",3
2023-01-01,20118070,"idiot stick",39477,6280.5,1545.79036551321,89,"United States","2020-12-30 20:53:07+00:00",9
2023-01-01,12607463,"BeHot",9324,8647.23,1545.73415700995,90,"Russian Federation","2018-07-07 02:17:14+00:00",5
2023-01-01,14054383,"Bingo6",4510,9898.35,1545.28754287302,91,"Germany","2019-03-07 15:14:47+00:00",12
2023-01-01,8581210,"LightsOut",162,16059.2,1544.82913564353,92,"United States","2016-06-19 05:38:07+00:00",3
2023-01-01,18793670,"Sylliant",30078,6723.23,1544.76929897313,93,"United States","2020-10-06 16:05:18+00:00",5
2023-01-01,24323283,"kimi_7",6224,9346.26,1543.77446372176,94,"Malaysia","2021-06-28 02:10:17+00:00",13
2023-01-01,6567244,"Yes",24982,7027.03,1543.44173970273,95,"Finland","2015-06-05 17:05:11+00:00",3
2023-01-01,2696838,"potwur",1816,11488.9,1543.43687522136,96,"Poland","2013-05-24 18:28:15+00:00",4
2023-01-01,10958852,"qstronaut",1920,11383,1542.5430519575,97,"Singapore","2017-10-06 12:47:53+00:00",7
2023-01-01,8455034,"Inequality",13673,8031.85,1541.95799099523,98,"Malaysia","2016-05-24 23:52:19+00:00",16
2023-01-01,11488178,"veryasian",4637,9841.1,1541.42245992092,99,"United States","2018-01-06 00:10:31+00:00",9
2023-01-01,14509964,"Hoshizora_3",38099,6335.8,1540.34914463299,100,"Taiwan","2019-05-20 10:55:46+00:00",4
2023-01-01,20630250,"Stage my mommy",18269,7537.17,1540.05658561384,101,"United States","2021-01-27 11:33:07+00:00",3
2023-01-01,16407150,"Hearn",41454,6199.2,1539.6905,102,"Indonesia","2020-03-15 06:26:28+00:00",2
2023-01-01,9984860,"Yue0429",11352,8335.78,1539.26364236048,103,"Taiwan","2017-04-01 11:56:50+00:00",9
2023-01-01,14024115,"zivxare",1210,12264.7,1538.83781512605,104,"United States","2019-03-02 06:50:12+00:00",2
2023-01-01,16492414,"Chokeezi",15938,7764.69,1538.30785572896,105,"South Africa","2020-03-24 09:01:28+00:00",4
2023-01-01,14139392,"Bazingasdead",1044,12501.8,1537.96360889757,106,"United States","2019-03-22 10:11:52+00:00",3
2023-01-01,10350809,"iamanewb",15854,7774.54,1537.93191219732,107,"United States","2017-06-13 19:50:31+00:00",2
2023-01-01,14452800,"Mystrality",9960,8543.21,1537.44443537731,108,"United Kingdom","2019-05-11 23:56:07+00:00",14
2023-01-01,12048072,"The Flower Man",23976,7093.65,1537.32418873768,109,"Vietnam","2018-04-07 13:44:26+00:00",11
2023-01-01,10119186,"namirin2",6390,9299.53,1536.91288608606,110,"Vietnam","2017-04-28 05:49:56+00:00",10
2023-01-01,4830687,"BoshyMan741",326,14655.6,1536.90911597265,111,"United States","2014-08-23 03:59:52+00:00",13
2023-01-01,10640078,"DancoreDanny",18562,7513.03,1536.88898934519,112,"United States","2017-08-09 19:37:08+00:00",3
2023-01-01,14293652,"Low budget Mosa",14900,7882.14,1536.84997643089,113,"Germany","2019-04-17 14:11:32+00:00",10
2023-01-01,11299201,"Zexblu",41054,6215.1,1534.05003836074,114,"South Africa","2017-12-08 07:14:11+00:00",3
2023-01-01,8105655,"-Vid",1504,11811.3,1533.63965805612,115,"Germany","2016-03-17 18:51:10+00:00",2
2023-01-01,15184992,"Summer_Ouo",10685,8434.77,1531.89533626056,116,"Taiwan","2019-09-14 16:39:30+00:00",4
2023-01-01,3999831,"_ Freedom _",1628,11677.4,1530.91740305923,117,"Vietnam","2014-02-11 15:02:20+00:00",9
2023-01-01,17847877,"yukixo",8002,8899.86,1530.62622796348,118,"Philippines","2020-07-25 07:30:50+00:00",4
2023-01-01,12148238,"Rumit",2117,11214.2,1530.36477325425,119,"Mongolia","2018-04-24 09:26:32+00:00",1
2023-01-01,12143654,"Umee",3961,10126.7,1530.27016376542,120,"Vietnam","2018-04-23 13:29:15+00:00",9
2023-01-01,14497638,"1233a",65387,5451.68,1530.24940993167,121,"China","2019-05-18 13:27:12+00:00",2
2023-01-01,11554464,"MintyDude",1804,11499.1,1530.18632964088,122,"United Kingdom","2018-01-15 18:15:17+00:00",1
2023-01-01,10908786,"Haydosu",4484,9906.36,1530.12831428571,123,"Australia","2017-09-26 23:24:47+00:00",1
2023-01-01,9919528,"zombir",2103,11225.4,1530.10236720474,124,"Russian Federation","2017-03-19 07:49:53+00:00",1
2023-01-01,11821951,"Perfectity",67782,5393.87,1530.09554055869,125,"United States","2018-02-27 21:19:00+00:00",1
2023-01-01,12959983,"antonyw",4997,9717.57,1530.05413553256,126,"Norway","2018-08-24 20:39:02+00:00",1
2023-01-01,14533605,"Ayaneruuu",10771,8424.17,1530.04894096342,127,"Hong Kong","2019-05-24 13:56:40+00:00",1
2023-01-01,8085085,"Aniwazan",23890,7098.85,1530.03199560511,128,"Russian Federation","2016-03-13 11:30:33+00:00",1
2023-01-01,3115283,"Scheinii",1374,12016.9,1530.01485777379,129,"Germany","2013-08-12 11:38:56+00:00",1
2023-01-01,14916935,"rwnd_",2444,10935.1,1530.01383572736,130,"Philippines","2019-08-01 10:35:15+00:00",1
2023-01-01,8788058,"Jakson",233,15311.4,1530.00714285714,131,"United States","2016-08-01 17:54:28+00:00",1
2023-01-01,16322235,"01Pekora",61292,5557.8,1530,132,"Argentina","2020-03-03 18:12:47+00:00",1
2023-01-01,24840779,"Walisbad",119048,4448.41,1530,133,"Vietnam","2021-07-21 08:33:59+00:00",1
2023-01-01,10891105,"NiZY",3713,10226.4,1529.99100826878,134,"Lithuania","2017-09-23 14:54:55+00:00",4
2023-01-01,12207972,"Benisuzume",17615,7598.36,1529.98271852414,135,"Argentina","2018-05-04 10:33:37+00:00",1
2023-01-01,1195423,"[KOR]Kosaki",2173,11166.1,1529.98249685553,136,"South Korea","2011-11-07 08:24:13+00:00",1
2023-01-01,18513363,"morimori",34211,6513.6,1529.96167316024,137,"Japan","2020-09-14 15:33:27+00:00",1
2023-01-01,9425864,"Devrimon",13625,8036.77,1529.95002805296,138,"Netherlands","2016-12-16 16:59:39+00:00",1
2023-01-01,757783,"Garalulu",7467,9019.39,1529.91886610424,139,"South Korea","2011-03-25 01:21:22+00:00",1
2023-01-01,13084548,"majmunee",28825,6793.56,1529.90876765081,140,"North Macedonia","2018-09-13 15:12:23+00:00",1
2023-01-01,8359561,"Jeong Woo Yeong",157,16098.8,1529.88893693805,141,"South Korea","2016-05-05 10:04:24+00:00",1
2023-01-01,11415687,"Kurumiw",74,17354,1529.88794641098,142,"Brazil","2017-12-26 15:35:17+00:00",1
2023-01-01,8832359,"GameDragon36",1453,11879.6,1529.87994664392,143,"South Korea","2016-08-11 05:16:44+00:00",1
2023-01-01,13538530,"Loreriv",20174,7377.03,1529.73522997531,144,"Italy","2018-12-06 13:26:57+00:00",4
2023-01-01,7657831,"justman",175,15858.5,1529.73505189087,145,"France","2015-12-29 15:38:09+00:00",1
2023-01-01,9526124,"tights",11607,8295.97,1529.35499734459,146,"United States","2017-01-05 01:22:31+00:00",1
2023-01-01,1906975,"Hellotomlol225",2728,10742.9,1529.29124208516,147,"Hong Kong","2012-09-09 03:30:15+00:00",5
2023-01-01,11836334,"Nev-",573,13623.8,1529.28191722788,148,"Finland","2018-03-02 15:40:11+00:00",2
2023-01-01,11234664,"MyAngelFable",36704,6398.34,1529.21167316024,149,"Malaysia","2017-11-26 14:47:27+00:00",1
2023-01-01,8315885,"Xyphox",21274,7290.02,1529.13511480528,150,"Philippines","2016-04-26 01:40:19+00:00",3
2023-01-01,16359841,"floppaosu",40914,6221.01,1528.93656573175,151,"Belgium","2020-03-08 18:10:25+00:00",2
2023-01-01,4209818,"Skyzie",10273,8497.37,1528.69565668524,152,"United States","2014-04-01 00:28:39+00:00",1
2023-01-01,14800198,"stone_bream",9722,8576.94,1528.66398651527,153,"Japan","2019-07-10 12:46:03+00:00",1
2023-01-01,11227346,"Mestre",9828,8561.36,1528.46167316024,154,"Brazil","2017-11-25 13:54:41+00:00",1
2023-01-01,24190187,"Chou Tzuyoda",87830,4964.72,1528.34793179377,155,"Philippines","2021-06-21 07:35:56+00:00",2
2023-01-01,4980135,"Behwall",4880,9759.47,1528.24959849983,156,"South Korea","2014-09-28 05:15:59+00:00",1
2023-01-01,5281485,"iFakeRz",1751,11542.8,1528.09479931693,157,"Germany","2014-11-28 20:05:16+00:00",1
2023-01-01,3016611,"[ baka 3b ]",3580,10284.3,1528.01306836461,158,"China","2013-07-25 14:38:40+00:00",1
2023-01-01,17584785,"-Leito-",16269,7731.14,1527.83986138128,159,"Argentina","2020-07-01 22:09:47+00:00",1
2023-01-01,12160299,"kitty_mix",48154,5957.01,1527.83134036963,160,"Russian Federation","2018-04-26 13:58:58+00:00",12
2023-01-01,15232819,"dainotwibu",45456,6049.31,1527.72238731942,161,"Vietnam","2019-09-22 14:39:07+00:00",9
2023-01-01,4637369,"Petit",496,13861.4,1527.58249685553,162,"South Korea","2014-07-10 08:28:58+00:00",1
2023-01-01,27673466,"Xiawni",13382,8065.97,1527.50876765081,163,"France","2021-12-11 11:04:00+00:00",1
2023-01-01,16858397,"kanagava",6792,9182.28,1527.41150685924,164,"Russian Federation","2020-04-26 10:31:41+00:00",4
2023-01-01,8788898,"Shiragi",2965,10600,1527.40616212161,165,"Germany","2016-08-01 21:43:33+00:00",1
2023-01-01,139670,"Vendemmia",747,13129,1527.19159337697,166,"South Korea","2009-07-22 07:07:53+00:00",1
2023-01-01,11237739,"DeHosly",58400,5637.16,1527.1495113785,167,"Russian Federation","2017-11-27 02:51:51+00:00",5
2023-01-01,24025848,"Worcester",19370,7439.87,1527.10427348635,168,"Indonesia","2021-06-12 13:43:07+00:00",1
2023-01-01,10458639,"Sandron",1217,12249.3,1526.94447246789,169,"Russian Federation","2017-07-05 12:22:19+00:00",1
2023-01-01,15274893,"Lirumin",1537,11779.1,1526.88794641098,170,"Brazil","2019-09-29 19:54:44+00:00",1
2023-01-01,11405263,"Fametime",115,16573,1526.47773109244,171,"United States","2017-12-25 00:59:30+00:00",1
2023-01-01,6085929,"Sliimex3",2526,10878.4,1526.21979931693,172,"Germany","2015-02-28 18:23:19+00:00",1
2023-01-01,6960689,"KayoNar",32758,6585.53,1526.21167316024,173,"Netherlands","2015-08-20 08:55:38+00:00",1
2023-01-01,13744487,"Goold",3870,10163.5,1525.69700423842,174,"Colombia","2019-01-11 17:24:01+00:00",1
2023-01-01,17795498,"young tplc",13604,8039.91,1525.54894096342,175,"Germany","2020-07-20 19:31:36+00:00",1
2023-01-01,8170022,"Tutka",6432,9285.21,1525.51548469917,176,"Poland","2016-03-29 15:00:46+00:00",4
2023-01-01,4560592,"NoGari",10490,8464.82,1525.46167316024,177,"South Korea","2014-06-22 03:17:20+00:00",1
2023-01-01,8004317,"wick",2006,11301.3,1525.43875091717,178,"Singapore","2016-02-27 06:02:18+00:00",1
2023-01-01,2767636,"Justin Vega",32450,6601.31,1525.39895338854,179,"United States","2013-06-07 21:03:41+00:00",1
2023-01-01,12585858,"Laplus Darkness",2399,10979.3,1525.04881378013,180,"Hong Kong","2018-07-03 10:57:14+00:00",2
2023-01-01,12442952,"XardasIG4",102321,4708.75,1524.96690199214,181,"Germany","2018-06-09 23:33:37+00:00",5
2023-01-01,2844779,"boterham",10722,8429.96,1524.95002805296,182,"Netherlands","2013-06-22 11:48:36+00:00",1
2023-01-01,15868788,"[ NekuRo ]",57673,5657.57,1524.79746646944,183,"Taiwan","2019-12-29 12:43:41+00:00",1
2023-01-01,19568517,"silversnax",11357,8335.38,1524.76745867301,184,"Russian Federation","2020-11-27 21:05:36+00:00",7
2023-01-01,11740073,"dyereflection",3467,10333.1,1524.7396127292,185,"United States","2018-02-14 00:18:00+00:00",1
2023-01-01,9146185,"siroitora",26968,6903.95,1524.72018673512,186,"South Korea","2016-10-18 22:44:47+00:00",1
2023-01-01,9527862,"Nibl",36798,6394.43,1524.71167316024,187,"Netherlands","2017-01-05 10:46:46+00:00",1
2023-01-01,18889109,"OracleOnOSU",113131,4537.03,1524.31041547654,188,"Indonesia","2020-10-14 14:08:47+00:00",1
2023-01-01,3601553,"2popte",49446,5911.52,1524.08027206986,189,"United States","2013-11-16 03:54:24+00:00",1
2023-01-01,2955661,"kenny03316",18281,7536.19,1524.04894096342,190,"Hong Kong","2013-07-15 03:45:22+00:00",1
2023-01-01,3149577,"Coreanmaluco",161,16060.8,1523.88794641098,191,"Brazil","2013-08-18 22:13:55+00:00",1
2023-01-01,9294147,"howtoplay",2023,11286.4,1523.78657773105,192,"Serbia","2016-11-19 05:33:55+00:00",1
2023-01-01,10343292,"Zeph2003",10207,8509.06,1523.66229511342,193,"Malaysia","2017-06-12 03:26:57+00:00",1
2023-01-01,9701942,"[Snow",7882,8925.46,1523.55414709557,194,"Argentina","2017-02-07 05:15:59+00:00",1
2023-01-01,16194429,"TheGoHan",4454,9919.23,1523.47629281275,195,"Germany","2020-02-14 16:51:17+00:00",9
2023-01-01,13648653,"GSDark",1597,11714,1523.46164761905,196,"Singapore","2018-12-26 08:10:33+00:00",1
2023-01-01,626094,"marshallracer",84712,5025.57,1523.42971475197,197,"Germany","2010-12-31 13:54:32+00:00",4
2023-01-01,15264880,"Laan",35473,6455.16,1523.42443185022,198,"Germany","2019-09-28 12:15:09+00:00",3
2023-01-01,11536421,"zfr",10533,8458.54,1523.42093141052,199,"United States","2018-01-13 06:26:26+00:00",1
2023-01-01,23000056,"kln",25964,6962.58,1523.33333333333,200,"France","2021-04-27 20:18:27+00:00",1
2023-01-01,17454289,"Oddloop enjoyer",2459,10926.3,1523.21327997725,201,"Poland","2020-06-19 20:16:46+00:00",1
2023-01-01,10618530,"paziita",49084,5923.94,1523.12992588257,202,"Chile","2017-08-06 02:59:41+00:00",7
2023-01-01,8669198,"BabyChickenPL",14763,7895.9,1523.07428933384,203,"Poland","2016-07-07 07:44:30+00:00",2
2023-01-01,12013741,"Purple_",34296,6509.57,1523.03461781818,204,"United States","2018-04-01 14:36:30+00:00",7
2023-01-01,2850104,"m t g",8878,8724.76,1522.94117647059,205,"Portugal","2013-06-23 13:53:43+00:00",1
2023-01-01,5775709,"Futile",10376,8481.47,1522.76159075118,206,"United States","2015-01-26 23:45:27+00:00",1
2023-01-01,10659233,"BTG4",10771,8422.59,1522.66398651527,207,"Argentina","2017-08-13 04:23:54+00:00",1
2023-01-01,13688990,"Lunar_",14308,7948.8,1522.58764495271,208,"United Kingdom","2019-01-02 01:04:53+00:00",14
2023-01-01,16571353,"Anom4ly",57756,5655.6,1522.46167316024,209,"United States","2020-04-01 02:00:04+00:00",1
2023-01-01,4382220,"wessel_osu2",2053,11268.5,1522.05554313641,210,"Netherlands","2014-05-11 15:42:15+00:00",1
2023-01-01,15216246,"Lunasen_",1814,11492.2,1522.01383572736,211,"Philippines","2019-09-20 07:23:31+00:00",1
2023-01-01,12457381,"XopK",4876,9761.2,1521.82960294376,212,"Russian Federation","2018-06-12 10:35:57+00:00",2
2023-01-01,8945565,"budget boydn",21071,7305.74,1521.79939813962,213,"Vietnam","2016-09-03 06:08:41+00:00",6
2023-01-01,8500628,"NathanSS",16903,7666.07,1521.78632964088,214,"Philippines","2016-06-03 07:58:24+00:00",1
2023-01-01,4284367,"Aquiii",69091,5362.29,1521.71167316024,215,"United States","2014-04-19 10:11:42+00:00",1
2023-01-01,18808456,"windowlarry",102784,4700.58,1521.45327261939,216,"United States","2020-10-07 23:19:21+00:00",1
2023-01-01,20141370,"laot",3902,10152.1,1521.41128995271,217,"Argentina","2021-01-01 07:09:01+00:00",1
2023-01-01,6578664,"stefgast13",46174,6025.47,1521.39020720925,218,"Netherlands","2015-06-07 17:42:44+00:00",3
2023-01-01,15390521,"viv1kk",13597,8039.71,1521.34631006494,219,"India","2019-10-20 14:07:16+00:00",1
2023-01-01,11685498,"-ktrihc",6489,9270.45,1521.18361344538,220,"Peru","2018-02-04 23:53:34+00:00",1
2023-01-01,17467899,"Qumania",7979,8905.42,1521.16362331945,221,"France","2020-06-21 02:01:48+00:00",1
2023-01-01,10825836,"kikoyu",9669,8586.76,1521.07923800487,222,"United States","2017-09-10 15:09:19+00:00",1
2023-01-01,10223298,"VitorSkull",374,14370.9,1520.88794641098,223,"Brazil","2017-05-18 21:38:43+00:00",1
2023-01-01,3481378,"Doomsday is Bad",22177,7220.97,1520.83891722788,224,"United Kingdom","2013-10-23 18:03:24+00:00",2
2023-01-01,8942753,"typo",18879,7484.53,1520.82336630179,225,"Norway","2016-09-02 17:08:32+00:00",1
2023-01-01,13679658,"uns0sh1",57121,5673.97,1520.80122637434,226,"Russian Federation","2018-12-31 11:32:31+00:00",1
2023-01-01,10516802,"Jotmo",3744,10212.3,1520.78508054974,227,"South Korea","2017-07-17 06:16:37+00:00",2
2023-01-01,848961,"_Casiofx580vnx",2151,11188.6,1520.77099166071,228,"Vietnam","2011-05-13 11:13:28+00:00",1
2023-01-01,17241883,"ExiaXD",24502,7060.66,1520.64106396365,229,"Canada","2020-05-31 21:24:45+00:00",4
2023-01-01,7351448,"fedotoff",2113,11215.3,1520.62868299421,230,"Russian Federation","2015-11-01 17:17:50+00:00",1
2023-01-01,12324616,"Pristine",14868,7885.64,1520.50440037658,231,"United States","2018-05-24 02:48:16+00:00",1
2023-01-01,9735548,"fixca",29526,6754.09,1520.21167316024,232,"South Korea","2017-02-13 07:10:05+00:00",1
2023-01-01,1285637,"Shiina Noriko",3093,10526,1520.01306836461,233,"Taiwan","2011-12-24 17:33:00+00:00",1
2023-01-01,11011448,"Andrey94",102219,4710.52,1520,234,"Russian Federation","2017-10-16 07:52:34+00:00",1
2023-01-01,19118758,"Krzempek_Pasta",56723,5686.28,1519.97795833014,235,"Poland","2020-10-30 23:04:07+00:00",5
2023-01-01,3256745,"Netizz",2692,10760.2,1519.95002805296,236,"Portugal","2013-09-08 13:47:11+00:00",1
2023-01-01,1274798,"MoNaMiC",11410,8325.58,1519.73951753557,237,"South Korea","2011-12-19 07:37:48+00:00",2
2023-01-01,8401053,"Tangela Merkel",6470,9277.12,1519.54894096342,238,"Germany","2016-05-14 17:07:34+00:00",1
2023-01-01,10907826,"Astravan",14963,7872.27,1519.41176470588,239,"Portugal","2017-09-26 18:56:28+00:00",1
2023-01-01,14146602,"zSidd",58782,5626.06,1519.38632964088,240,"Philippines","2019-03-23 12:36:06+00:00",1
2023-01-01,18766704,"Shion Yorigami",185539,3623.51,1519.28149672511,241,"Philippines","2020-10-04 03:40:56+00:00",1
2023-01-01,15745271,"N4me",11235,8352.79,1519.26843280985,242,"Argentina","2019-12-12 19:57:36+00:00",1
2023-01-01,6399568,"YokesPai",2372,11001.6,1519.08979222788,243,"Norway","2015-05-01 20:03:11+00:00",2
2023-01-01,9532453,"Sunakaze",39351,6285.35,1519.0669206648,244,"Japan","2017-01-06 04:07:23+00:00",4
2023-01-01,9505673,"crissof",15390,7827.88,1519.05678454588,245,"Poland","2017-01-01 18:00:47+00:00",2
2023-01-01,13778217,"DIEWAY0123",71685,5302.95,1519.00977519515,246,"Taiwan","2019-01-17 08:58:44+00:00",1
2023-01-01,7403461,"ArFunG",4859,9765.51,1518.62476811301,247,"Hong Kong","2015-11-12 14:21:12+00:00",9
2023-01-01,15086625,"Antolions",19693,7415.69,1518.48916720779,248,"Russian Federation","2019-08-29 09:50:29+00:00",1
2023-01-01,14388839,"GabberSS",8874,8725.36,1518.18632964088,249,"Philippines","2019-05-03 02:39:10+00:00",1
2023-01-01,14309415,"Lexic",16643,7692.28,1518.16398651527,250,"Canada","2019-04-20 02:03:50+00:00",1
2023-01-01,4420014,"Elcheer",11360,8335.21,1518.14620613579,251,"United States","2014-05-21 01:55:33+00:00",1
2023-01-01,24270105,"-lion",1048,12495.5,1518.1349519025,252,"Germany","2021-06-25 14:21:05+00:00",1
2023-01-01,8909292,"electimon",8199,8859.42,1518.05921170355,253,"United States","2016-08-26 20:01:29+00:00",5
2023-01-01,3339073,"- kouyuu -",10522,8461.56,1518.04894096342,254,"Hong Kong","2013-09-25 13:35:06+00:00",1
2023-01-01,8923608,"2 and eight",2005,11301.5,1518.01383572736,255,"Philippines","2016-08-29 13:25:51+00:00",1
2023-01-01,2522197,"DuNai",3685,10235.8,1518.01306836461,256,"China","2013-04-07 15:38:55+00:00",1
2023-01-01,15441612,"Th1",7353,9047.75,1518,257,"Germany","2019-10-29 01:50:36+00:00",1
2023-01-01,19161909,"ERA Rhythm",10326,8491.53,1517.96167316024,258,"Netherlands","2020-11-02 18:57:35+00:00",1
2023-01-01,18359137,"KnightBot23",22580,7193.48,1517.90320697868,259,"Philippines","2020-09-03 04:06:56+00:00",2
2023-01-01,11443437,"[Karcher]",42,18681.9,1517.88893693805,260,"South Korea","2017-12-30 12:12:53+00:00",1
2023-01-01,10157694,"-felicia",5231,9642.16,1517.88794641098,261,"Brazil","2017-05-05 18:09:42+00:00",1
2023-01-01,13335554,"YankeeSnow213",16475,7708.57,1517.69485072871,262,"Malaysia","2018-10-29 12:41:28+00:00",16
2023-01-01,5009715,"Doga",1221,12241.4,1517.50795302701,263,"United States","2014-10-05 05:03:37+00:00",2
2023-01-01,16679145,"uragirarete",11185,8361.46,1517.48686547645,264,"United States","2020-04-10 12:09:28+00:00",1
2023-01-01,4039647,"SkyArrow",5033,9706.43,1517.36162603575,265,"Vietnam","2014-02-19 12:31:32+00:00",9
2023-01-01,13590024,"[Ryze]",20812,7324.88,1517.31399767829,266,"Malaysia","2018-12-16 11:10:58+00:00",13
2023-01-01,17293204,"phyllis_uwu",47071,5993.59,1517.21167316024,267,"Hong Kong","2020-06-05 13:36:28+00:00",1
2023-01-01,13714351,"Mikelito069",8399,8816.78,1517.125575667,268,"Argentina","2019-01-06 04:22:38+00:00",1
2023-01-01,6420308,"Light135",40292,6246.54,1517.02226586952,269,"Russian Federation","2015-05-05 18:21:52+00:00",3
2023-01-01,14454744,"Lollicornzi",101956,4715.12,1516.86168786724,270,"Malaysia","2019-05-12 05:49:13+00:00",14
2023-01-01,25306176,"owoMaxx",5188,9654.3,1516.82752481711,271,"United States","2021-08-13 00:37:34+00:00",1
2023-01-01,19022623,"BRK15",61369,5555.24,1516.66666666667,272,"Germany","2020-10-24 16:18:09+00:00",1
2023-01-01,10459580,"Kagami",5046,9703.41,1516.66398651527,273,"Argentina","2017-07-05 16:07:34+00:00",1
2023-01-01,10997439,"Decheg_777",28953,6786.45,1516.55414267079,274,"Belarus","2017-10-13 20:38:13+00:00",1
2023-01-01,13203886,"Senpailuv",49298,5916.78,1516.46167316024,275,"South Korea","2018-10-05 09:01:53+00:00",1
2023-01-01,19236425,"-Rath",59229,5613.96,1516.16818415777,276,"United States","2020-11-07 06:55:19+00:00",1
2023-01-01,4464845,"Aimseky",4913,9746.43,1516.01306836461,277,"China","2014-05-31 12:42:52+00:00",1
2023-01-01,11646616,"-Gardevoir-",8085,8882.58,1515.88949579832,278,"Peru","2018-01-30 03:59:11+00:00",1
2023-01-01,10040931,"J P",10262,8500.46,1515.88235294118,279,"Portugal","2017-04-12 18:52:16+00:00",2
2023-01-01,9955635,"Raesin",123839,4378.28,1515.73898690511,280,"China","2017-03-26 08:30:17+00:00",1
2023-01-01,10674817,"Hakamora",5773,9474.58,1515.63202435065,281,"India","2017-08-15 20:02:28+00:00",1
2023-01-01,16052525,"Geag",10299,8495.17,1515.50884349843,282,"United States","2020-01-25 02:59:53+00:00",1
2023-01-01,8218190,"Japeachi Taho",28945,6786.4,1515.50562389648,283,"Philippines","2016-04-08 08:48:30+00:00",2
2023-01-01,7722566,"Aoi Futaba",28352,6820.66,1515.39446693271,284,"Russian Federation","2016-01-09 15:45:01+00:00",2
2023-01-01,25785218,"Pixelliorg",64610,5471.38,1515,285,"Switzerland","2021-09-09 08:39:59+00:00",1
2023-01-01,5907911,"Ichinose Rika",8647,8767.6,1514.98271852414,286,"Colombia","2015-02-08 02:58:38+00:00",1
2023-01-01,8811633,"GeneralSharkk",3682,10236.9,1514.95002805296,287,"Portugal","2016-08-06 18:36:15+00:00",1
2023-01-01,10199656,"Jo Yuri",3231,10455.6,1514.88794641098,288,"Brazil","2017-05-13 20:35:36+00:00",1
2023-01-01,12090610,"Tatze",13248,8081.89,1514.36268386074,289,"Germany","2018-04-14 18:43:17+00:00",1
2023-01-01,10204748,"hrds",5699,9496.22,1514.31289352053,290,"Russian Federation","2017-05-14 17:46:16+00:00",1
2023-01-01,9930573,"CircIes",1470,11858,1514.01383572736,291,"Philippines","2017-03-21 13:37:17+00:00",1
2023-01-01,3257847,"MyzeJD",8622,8771.64,1513.66398651527,292,"France","2013-09-08 18:17:47+00:00",1
2023-01-01,13880438,"ShyCryoUwO",20694,7334.7,1513.53082152041,293,"United States","2019-02-03 19:45:52+00:00",1
2023-01-01,12544805,"okirema",29716,6742.15,1513.38632964088,294,"Philippines","2018-06-26 11:58:43+00:00",1
2023-01-01,13736991,"Singularius",81774,5083.41,1513.34674854367,295,"Ukraine","2019-01-10 11:00:29+00:00",2
2023-01-01,12395652,"-[Chex]-",14806,7892.94,1513.18249685553,296,"South Korea","2018-06-03 03:20:34+00:00",1
2023-01-01,3594368,"Katie Hopkins",68630,5372.71,1513.08869589161,297,"United Kingdom","2013-11-14 15:59:49+00:00",2
2023-01-01,19857248,"Herazu",6607,9234.54,1512.99209475964,298,"Germany","2020-12-15 14:51:32+00:00",1
2023-01-01,22610959,"chokenut",108919,4604.19,1512.88184404796,299,"Philippines","2021-04-11 23:51:56+00:00",1
2023-01-01,12981253,"wowaka",1839,11469.4,1512.59219474802,300,"France","2018-08-27 17:49:35+00:00",1
2023-01-01,10956506,"GenoUwU",25617,6985.39,1512.42223206618,301,"United States","2017-10-05 22:25:54+00:00",2
2023-01-01,15441720,"theJAKEMAN",10498,8463.82,1512.21214020173,302,"United States","2019-10-29 02:25:56+00:00",1
2023-01-01,9364519,"ShorkBork",31861,6632.19,1511.96167316024,303,"United States","2016-12-03 17:02:16+00:00",1
2023-01-01,10415929,"Chrystian",5917,9431.87,1511.88794641098,304,"Brazil","2017-06-26 17:28:01+00:00",1
2023-01-01,12431599,"MehlsackX",33429,6550.99,1511.76251136621,305,"Germany","2018-06-08 11:00:29+00:00",3
2023-01-01,1893953,"Nakano-",2646,10794.6,1511.61893346791,306,"Singapore","2012-09-03 10:43:37+00:00",7
2023-01-01,14674958,"Getti",6647,9226.15,1511.55279954239,307,"United States","2019-06-16 22:49:26+00:00",1
2023-01-01,12942719,"Necho Lodernde",111105,4569.26,1511.32073594485,308,"Indonesia","2018-08-22 09:08:03+00:00",3
2023-01-01,3191010,"Andy26",116752,4481.44,1511.30466046379,309,"Norway","2013-08-26 12:40:44+00:00",6
2023-01-01,19903338,"i love rinko",10148,8516.42,1511.21167316024,310,"Singapore","2020-12-18 07:09:57+00:00",1
2023-01-01,13805949,"Suzune Miyama",2803,10705.1,1511.21044761869,311,"Poland","2019-01-21 16:53:13+00:00",5
2023-01-01,7749333,"SHKplay",44306,6091.57,1511.16924981391,312,"Poland","2016-01-13 20:24:44+00:00",2
2023-01-01,6585939,"Arclyte",1235,12224.9,1511.15499878368,313,"Russian Federation","2015-06-09 09:20:19+00:00",1
2023-01-01,12443104,"iraozm",3519,10309.5,1511.03071616605,314,"Malaysia","2018-06-10 00:05:45+00:00",1
2023-01-01,9391047,"poisonvx",81471,5089.53,1510.89345888305,315,"United States","2016-12-08 23:15:19+00:00",1
2023-01-01,12674517,"Fayar",13210,8085.86,1510.81112986318,316,"France","2018-07-17 09:35:17+00:00",1
2023-01-01,16910637,"BigPana",19572,7425.44,1510.69700423842,317,"Argentina","2020-05-01 01:20:09+00:00",1
2023-01-01,18296925,"RemIscute07",2740,10736.2,1510.54894096342,318,"Hong Kong","2020-08-29 12:22:02+00:00",1
2023-01-01,15646924,"wjddjs",1748,11543.8,1510.4907337524,319,"South Korea","2019-11-28 23:36:31+00:00",1
2023-01-01,4765619,"Urnukka",35629,6447.55,1510.46420525273,320,"Finland","2014-08-08 17:58:26+00:00",3
2023-01-01,10565596,"ZIELSKO BIALA",37610,6356.87,1510.46167316024,321,"Poland","2017-07-26 18:47:26+00:00",1
2023-01-01,17958667,"FelixSosa",2175,11164.2,1510.23411822371,322,"United States","2020-08-03 12:42:57+00:00",1
2023-01-01,9285180,"YelloJello",16188,7739.39,1510.12831428571,323,"Australia","2016-11-17 05:23:41+00:00",1
2023-01-01,12450467,"smollilnub",145565,4081.1,1510.02470119082,324,"Singapore","2018-06-11 03:59:39+00:00",1
2023-01-01,14024170,"-Graigory-",2786,10713.7,1510.01383572736,325,"Philippines","2019-03-02 07:07:17+00:00",1
2023-01-01,11461810,"kagiura",1970,11327.8,1510,326,"Brazil","2018-01-02 04:03:25+00:00",1
2023-01-01,4582149,"CamperLt",2013,11295.2,1510,327,"Lithuania","2014-06-27 11:08:43+00:00",1
2023-01-01,21606617,"[TRN]",85637,5006.45,1510,328,"United States","2021-03-06 20:10:56+00:00",1
2023-01-01,20094192,"defender_331",18007,7559.65,1510,329,"Belarus","2020-12-29 13:36:17+00:00",1
2023-01-01,11551991,"Liery",5119,9676.11,1510,330,"Türkiye","2018-01-15 08:40:56+00:00",1
2023-01-01,12877460,"InabanHimeko",17832,7576.81,1509.91773863636,331,"India","2018-08-13 15:25:27+00:00",1
2023-01-01,5479741,"Oddie",11427,8322.51,1509.87994664392,332,"Canada","2015-01-02 05:23:29+00:00",1
2023-01-01,9250996,"Bittshrooms",49821,5900.01,1509.76955876758,333,"Netherlands","2016-11-09 20:12:25+00:00",3
2023-01-01,10678230,"Irone OSU",88905,4945.32,1509.71167316024,334,"Hong Kong","2017-08-16 12:48:42+00:00",1
2023-01-01,10562797,"dragontiger34",19924,7395.55,1509.57477756437,335,"United States","2017-07-26 07:16:37+00:00",1
2023-01-01,19940169,"GzBugy",19243,7451.12,1509.20522514395,336,"Romania","2020-12-20 10:15:38+00:00",2
2023-01-01,16288992,"Ruyaya",6333,9312.89,1509.1452925564,337,"Taiwan","2020-02-28 04:26:34+00:00",1
2023-01-01,6934191,"MeowZero_Emilia",9468,8620.81,1509.04894096342,338,"Hong Kong","2015-08-15 12:29:32+00:00",1
2023-01-01,18212788,"RAiMEi_BOTTliUM",10071,8528.48,1508.96167316024,339,"Japan","2020-08-23 09:57:14+00:00",1
2023-01-01,3628613,"Take no Hana",9857,8556.94,1508.88794641098,340,"Brazil","2013-11-20 19:59:31+00:00",1
2023-01-01,23592892,"Lucio101",945,12655.1,1508.59950693306,341,"Germany","2021-05-22 18:06:38+00:00",11
2023-01-01,8264319,"Soulskyeflare",29641,6746.81,1508.55414709557,342,"Australia","2016-04-16 06:29:04+00:00",1
2023-01-01,8120040,"feschen",77732,5169.61,1508.26226664138,343,"China","2016-03-20 06:17:45+00:00",1
2023-01-01,10853878,"Louis Marble",61423,5554.03,1508.21167316024,344,"Singapore","2017-09-16 08:04:30+00:00",1
2023-01-01,9659805,"fish oil",18334,7530.85,1508.13671743583,345,"New Zealand","2017-01-30 02:16:46+00:00",1
2023-01-01,12654242,"DanFi",9705,8580.14,1507.99710404684,346,"Russian Federation","2018-07-14 14:06:04+00:00",1
2023-01-01,17563939,"HR2",18441,7522.1,1507.9605206703,347,"Australia","2020-06-29 23:22:11+00:00",4
2023-01-01,10716391,"alfie_yo",10633,8442.49,1507.74590467154,348,"United States","2017-08-23 05:43:41+00:00",1
2023-01-01,12098722,"EllieKyu",40156,6252.03,1507.46167316024,349,"Sweden","2018-04-15 21:57:15+00:00",1
2023-01-01,2282145,"Jiuchu",26605,6925.31,1507.44183665457,350,"France","2013-01-19 20:11:26+00:00",1
2023-01-01,20249211,"blankww",11801,8269.37,1507.1465246724,351,"United States","2021-01-07 17:27:16+00:00",4
2023-01-01,11222462,"MAKC0H",3817,10184.8,1507.06059577922,352,"Russian Federation","2017-11-24 19:37:16+00:00",1
2023-01-01,13238121,"smthelse",10029,8534.06,1506.485277375,353,"Vietnam","2018-10-11 07:32:14+00:00",1
2023-01-01,9845103,"Sigge",22948,7167.86,1506.3056994828,354,"Sweden","2017-03-05 19:44:28+00:00",1
2023-01-01,10976433,"AccNome",5816,9463.63,1506.27807426766,355,"United States","2017-10-09 07:52:18+00:00",1
2023-01-01,11120124,"Xqeer",409,14220.1,1506.07110294376,356,"Russian Federation","2017-11-06 12:51:38+00:00",2
2023-01-01,9024028,"schlafen gehen",10406,8478.03,1506.04894096342,357,"Germany","2016-09-20 18:32:01+00:00",1
2023-01-01,9697769,"TiRa",3237,10453.5,1506.01306836461,358,"Hong Kong","2017-02-06 08:23:05+00:00",1
2023-01-01,18004953,"Goofster",9997,8538.08,1505.96167316024,359,"New Zealand","2020-08-07 08:27:24+00:00",1
2023-01-01,17469191,"Wubip",27026,6899.59,1505.89980802117,360,"Vietnam","2020-06-21 05:30:08+00:00",6
2023-01-01,6145000,"Kehest",3162,10487.1,1505.88893693805,361,"Romania","2015-03-12 16:40:48+00:00",1
2023-01-01,10956448,"luscajooj",15205,7849.37,1505.88794641098,362,"Brazil","2017-10-05 22:03:55+00:00",1
2023-01-01,12902475,"NJ STRONG",11939,8252.9,1505.61873360832,363,"United States","2018-08-16 20:25:41+00:00",1
2023-01-01,8203119,"Rekunan",77149,5181.68,1505.55436629998,364,"United States","2016-04-04 22:40:59+00:00",4
2023-01-01,5850031,"Hardstcukc 3",32317,6607.43,1505.38184625608,365,"France","2015-02-02 19:02:22+00:00",7
2023-01-01,11526714,"ikaenia",11809,8268.84,1504.95939294898,366,"United States","2018-01-11 19:25:18+00:00",1
2023-01-01,9512538,"Ganjo",3256,10444.2,1504.95002805296,367,"Indonesia","2017-01-02 18:44:38+00:00",1
2023-01-01,12957438,"un Copac",115004,4506.54,1504.31041547654,368,"Romania","2018-08-24 13:36:22+00:00",1
2023-01-01,8779023,"THE QUEEN",17680,7592.12,1504.30005228964,369,"United States","2016-07-30 20:22:25+00:00",1
2023-01-01,16637348,"blaxxxter",22819,7176.37,1504.26843280985,370,"Argentina","2020-04-07 02:08:12+00:00",1
2023-01-01,18746007,"Hd My angel",65313,5453.43,1504.25115133399,371,"Colombia","2020-10-02 14:25:30+00:00",2
2023-01-01,13029223,"Steelgrassify",174598,3736.74,1504.22431829069,372,"United States","2018-09-03 19:08:33+00:00",1
2023-01-01,23213150,"kiridoooooo",71230,5313.19,1504.20345292208,373,"India","2021-05-06 16:33:49+00:00",1
2023-01-01,19075364,"Oceanboy98",15882,7771.83,1504.16086205045,374,"United States","2020-10-28 03:36:35+00:00",5
2023-01-01,9975427,"Dwagon",952,12647.3,1503.92790125205,375,"China","2017-03-30 15:18:55+00:00",1
2023-01-01,10384720,"999kalel999",13536,8047.58,1503.71167316024,376,"Brazil","2017-06-20 14:14:18+00:00",1
2023-01-01,15214826,"Virex-",2930,10619.6,1503.69183665457,377,"Germany","2019-09-19 22:54:01+00:00",1
2023-01-01,12728145,"tgr",10054,8530.21,1503.6407116303,378,"United States","2018-07-25 00:42:56+00:00",1
2023-01-01,2492226,"e n v y",12828,8134.07,1503.52941176471,379,"Portugal","2013-03-30 08:55:03+00:00",1
2023-01-01,11753012,"Guest Diff",23072,7158.93,1503.33333333333,380,"South Korea","2018-02-16 11:14:37+00:00",1
2023-01-01,11134074,"Wexxxxxy",13130,8095.54,1503.22080933745,381,"Belarus","2017-11-09 17:14:06+00:00",1
2023-01-01,9008727,"lumenaire",7050,9113.59,1503.16376053168,382,"United Kingdom","2016-09-17 11:04:15+00:00",6
2023-01-01,4009916,"go525",9078,8687.97,1502.98137097096,383,"United States","2014-02-14 01:22:03+00:00",1
2023-01-01,13197403,"Livelyapio",42560,6156.98,1502.96167316024,384,"Chile","2018-10-03 23:43:13+00:00",1
2023-01-01,4533507,"Leithanien",18665,7504.75,1502.88794641098,385,"Brazil","2014-06-15 17:53:23+00:00",1
2023-01-01,19890921,"ColdSnowFox",33348,6555.06,1502.80772118684,386,"China","2020-12-17 14:31:08+00:00",1
2023-01-01,3372322,"My Angel Nico",101022,4730.98,1502.69424890127,387,"Germany","2013-10-02 16:09:54+00:00",13
2023-01-01,2295850,"Lefafel",23750,7108.82,1502.68016722788,388,"Finland","2013-01-24 19:13:21+00:00",2
2023-01-01,5000924,"Toileri",13684,8030.27,1502.40872514395,389,"Finland","2014-10-03 15:05:37+00:00",2
2023-01-01,11258741,"Robed",10282,8497.01,1502.36182784025,390,"Singapore","2017-12-01 11:32:37+00:00",1
2023-01-01,10918400,"Valorant",13551,8046.68,1502.32203031162,391,"United States","2017-09-29 01:38:02+00:00",1
2023-01-01,10382679,"ocaip",38244,6329.09,1502.21167316024,392,"Chile","2017-06-20 02:45:03+00:00",1
2023-01-01,9870879,"Setsuna Yuki",23368,7139.04,1502.125575667,393,"Argentina","2017-03-10 21:08:34+00:00",1
2023-01-01,3812276,"Nice Nature",6111,9374.32,1502.01306836461,394,"Taiwan","2014-01-01 13:18:29+00:00",1
2023-01-01,17766423,"komurii",14501,7927.16,1501.94325869311,395,"Vietnam","2020-07-18 05:42:11+00:00",5
2023-01-01,14684430,"Ievi-",2236,11112.5,1501.87236063598,396,"Türkiye","2019-06-18 18:15:22+00:00",1
2023-01-01,13342143,"Pezudos",1493,11828.9,1501.68131457316,397,"Russian Federation","2018-10-30 19:10:38+00:00",1
2023-01-01,20195782,"Smokey01",40087,6254.73,1501.66268965228,398,"United States","2021-01-04 16:27:18+00:00",1
2023-01-01,14290988,"Banner",5196,9653.06,1501.55703195553,399,"Malaysia","2019-04-17 02:21:12+00:00",1
2023-01-01,27761185,"vortexta",107177,4631.45,1501.45327261939,400,"Australia","2021-12-16 22:37:04+00:00",1
2023-01-01,18906438,"iek",55412,5723.35,1501.19104577781,401,"Brazil","2020-10-15 22:15:58+00:00",4
2023-01-01,10981171,"kit-",5029,9707.4,1501.00334899294,402,"New Zealand","2017-10-10 09:16:44+00:00",1
2023-01-01,5187207,"afriendlightz",61280,5557.89,1500.95243689294,403,"Singapore","2014-11-10 13:23:47+00:00",5
2023-01-01,11772019,"D3rpyB01",8235,8848.42,1500.88566264395,404,"Singapore","2018-02-19 05:42:54+00:00",2
2023-01-01,12204360,"mimitaya",2163,11178,1500.87718583024,405,"Australia","2018-05-03 15:56:59+00:00",1
2023-01-01,3149395,"richp2k",12061,8236.29,1500.4563845073,406,"United States","2013-08-18 21:05:04+00:00",2
2023-01-01,15754716,"Runigh",84258,5034.06,1500.40849707905,407,"Philippines","2019-12-14 04:39:51+00:00",3
2023-01-01,12920831,"[Vito]",14405,7937.88,1500.3440083336,408,"United States","2018-08-19 06:27:24+00:00",1
2023-01-01,15195364,"hollowknees",10102,8523.99,1500.20801106014,409,"Singapore","2019-09-16 06:51:02+00:00",1
2023-01-01,13795588,"lelxdme",43725,6113.67,1500.04894096342,410,"Hong Kong","2019-01-19 23:58:11+00:00",1
2023-01-01,14817468,"stllok",9121,8680.64,1500.01306836461,411,"Hong Kong","2019-07-13 16:40:37+00:00",1
2023-01-01,11726139,"Bazuso",20856,7320.94,1500,412,"Germany","2018-02-11 15:40:06+00:00",1
2023-01-01,10049665,"ckhrix",16061,7752.98,1500,413,"Denmark","2017-04-14 15:46:08+00:00",2
2023-01-01,14489248,"Fie",17467,7610.77,1500,414,"Denmark","2019-05-17 10:04:47+00:00",1
2023-01-01,6080956,"Floatyy",17290,7628.52,1499.88794641098,415,"Brazil","2015-02-27 22:37:25+00:00",1
2023-01-01,13205755,"Potato9756",5015,9713.87,1499.82197115624,416,"Canada","2018-10-05 15:38:19+00:00",2
2023-01-01,6936275,"quanhitter37",16638,7693.04,1499.68466767426,417,"United States","2015-08-15 20:32:24+00:00",1
2023-01-01,4751678,"Ichor",4627,9843.83,1499.45801200535,418,"Germany","2014-08-05 20:00:55+00:00",11
2023-01-01,10168682,"Cindergoat",77419,5176.38,1499.21167316024,419,"Hong Kong","2017-05-07 15:35:47+00:00",1
2023-01-01,17998941,"Iite",122157,4402.72,1498.59612976225,420,"United States","2020-08-06 19:13:12+00:00",1
2023-01-01,15516059,"ProjectGreat",5064,9694.35,1498.54134439347,421,"Singapore","2019-11-09 10:07:19+00:00",1
2023-01-01,12710265,"VictorSkull",13589,8041.13,1498.52341983631,422,"Russian Federation","2018-07-22 10:05:27+00:00",1
2023-01-01,14964749,"raifiu",12162,8221.99,1497.91384880357,423,"Vietnam","2019-08-10 05:09:09+00:00",1
2023-01-01,18327574,"Strxwberrymilk",10634,8441.65,1497.83986138128,424,"Colombia","2020-08-31 18:02:51+00:00",1
2023-01-01,14353255,"CursedFX",29239,6770.32,1497.78632964088,425,"Philippines","2019-04-27 08:56:26+00:00",1
2023-01-01,12899970,"KeS_Play",7963,8907.41,1497.77013516433,426,"Russian Federation","2018-08-16 13:04:26+00:00",5
2023-01-01,13706184,"muwustache",44352,6089.66,1497.70664569623,427,"United States","2019-01-04 22:20:34+00:00",1
2023-01-01,15103117,"Antagoor",34124,6518.11,1497.32400616425,428,"Germany","2019-08-31 18:35:06+00:00",3
2023-01-01,2198995,"Minecraft570",1762,11536,1497.27272727273,429,"Hong Kong","2012-12-20 13:46:44+00:00",1
2023-01-01,9872563,"Thof",12499,8179.19,1497.19915816456,430,"Vietnam","2017-03-11 04:31:36+00:00",5
2023-01-01,15984499,"Takasaki Yu",16000,7759.21,1497.04730503689,431,"United States","2020-01-15 01:18:25+00:00",1
2023-01-01,5167225,"[-Ascended-]",5991,9410.7,1496.79498095238,432,"Philippines","2014-11-07 04:31:36+00:00",1
2023-01-01,25087875,"Kelimporta",31708,6639.37,1496.66666666667,433,"Colombia","2021-08-02 01:36:05+00:00",1
2023-01-01,11157009,"AloeMeow",61636,5548.45,1496.65067422315,434,"Taiwan","2017-11-13 16:37:39+00:00",4
2023-01-01,16006269,"ITheQwertyI",4241,10012.5,1496.55414267079,435,"Belarus","2020-01-18 11:16:38+00:00",1
2023-01-01,14073932,"TUYU",1623,11684.3,1496.54661331059,436,"South Korea","2019-03-10 14:10:34+00:00",1
2023-01-01,7652852,"Kenzol",27167,6890.96,1496.47058823529,437,"Portugal","2015-12-28 19:10:25+00:00",1
2023-01-01,15592469,"Timofey_sn",2311,11058.6,1496.44798395068,438,"Russian Federation","2019-11-20 18:47:23+00:00",2
2023-01-01,914908,"-Crisp",65374,5452.03,1496.38249685553,439,"South Korea","2011-06-18 05:10:44+00:00",1
2023-01-01,16218750,"Humsterlol",30547,6700.45,1496.26948008987,440,"United Kingdom","2020-02-17 22:20:25+00:00",3
2023-01-01,19282411,"[plop]",25900,6967.19,1496.17848056745,441,"Canada","2020-11-10 02:10:26+00:00",1
2023-01-01,5208892,"Memoryfile",14888,7882.48,1496.10181429553,442,"Taiwan","2014-11-15 06:07:49+00:00",1
2023-01-01,6221425,"Peti",2381,10996.4,1496.09957588433,443,"Germany","2015-03-26 13:14:45+00:00",2
2023-01-01,7111118,"Anya Maki",2604,10823.1,1496.01306836461,444,"China","2015-09-19 14:31:37+00:00",1
2023-01-01,6530182,"Qrestu",4896,9754.41,1495.90435014395,445,"Poland","2015-05-28 20:38:00+00:00",2
2023-01-01,14926302,"OBAMAJR4THERWIN",31453,6652.32,1495.73898690511,446,"Singapore","2019-08-03 04:59:43+00:00",1
2023-01-01,18556796,"vleth",10083,8526.66,1495.72862371821,447,"United States","2020-09-17 21:14:48+00:00",1
2023-01-01,20328099,"-Darky",17162,7640.41,1495.69700423842,448,"Argentina","2021-01-12 02:53:24+00:00",1
2023-01-01,2984074,"ming0328ming",1270,12175.7,1495.67411947897,449,"Hong Kong","2013-07-20 04:25:42+00:00",9
2023-01-01,10997421,"Hovo0909",589906,1552.16,1495.65288971926,450,"Russian Federation","2017-10-13 20:35:24+00:00",1
2023-01-01,21180640,"Hayakou",4541,9883.21,1495.55657116229,451,"United States","2021-02-18 05:07:34+00:00",1
2023-01-01,6829148,"littleKit",19973,7392.6,1495.54894096342,452,"Hong Kong","2015-07-26 09:33:11+00:00",1
2023-01-01,18587902,"Bubble998",18814,7489.96,1495.5197172533,453,"Brazil","2020-09-20 02:30:57+00:00",2
2023-01-01,12437546,"le pauvre bil",2947,10610.6,1495.44933760516,454,"France","2018-06-09 06:44:12+00:00",1
2023-01-01,11320627,"MejiroMcQueen",2162,11178.9,1495.43011814624,455,"Indonesia","2017-12-11 11:36:39+00:00",2
2023-01-01,12407531,"D4rgZ",3375,10382.9,1495.36552509947,456,"Russian Federation","2018-06-04 15:48:00+00:00",1
2023-01-01,25129957,"Zorokii",22463,7201.46,1495.23054058254,457,"Philippines","2021-08-03 23:44:50+00:00",3
2023-01-01,21201859,"skai",21224,7294.81,1495.19646896568,458,"Germany","2021-02-18 21:52:31+00:00",1
2023-01-01,12067984,"Zetako",5699,9496.35,1495.06928305887,459,"United States","2018-04-11 00:18:42+00:00",1
2023-01-01,10882967,"moyo",5499,9555.6,1495.05670594643,460,"Canada","2017-09-22 04:09:00+00:00",1
2023-01-01,12195391,"CMeFly",10147,8517.8,1494.95002805296,461,"Netherlands","2018-05-01 19:55:56+00:00",1
2023-01-01,6482909,"-Yuyuko-",7194,9082.33,1494.72018673512,462,"South Korea","2015-05-18 11:49:36+00:00",1
2023-01-01,16626263,"hiyah",2232,11116.3,1494.71302521008,463,"United States","2020-04-06 04:11:32+00:00",1
2023-01-01,2482226,"Imagine",10535,8458.84,1494.70588235294,464,"Portugal","2013-03-27 15:31:52+00:00",1
2023-01-01,27234119,"yakotenok",104735,4669.6,1494.47372356991,465,"Ukraine","2021-11-16 14:37:12+00:00",1
2023-01-01,11359985,"8mi8",58331,5639.04,1494.45804231044,466,"Russian Federation","2017-12-17 19:40:10+00:00",2
2023-01-01,12809303,"Diesel Vin Gay",39616,6273.8,1494.4125713382,467,"United States","2018-08-06 00:57:05+00:00",1
2023-01-01,8570559,"Tonka Truck",8280,8841.47,1494.40994239953,468,"Australia","2016-06-17 06:34:56+00:00",1
2023-01-01,3148418,"Terces",5016,9713.3,1494.3056994828,469,"Netherlands","2013-08-18 15:33:33+00:00",1
2023-01-01,4801735,"Dragbit 5",28860,6791.68,1494.04894096342,470,"Hong Kong","2014-08-16 14:10:38+00:00",1
2023-01-01,21261842,"Urek",74004,5251.24,1494.0237273451,471,"United States","2021-02-21 01:56:39+00:00",2
2023-01-01,10212942,"Katharsis",9172,8672.42,1494,472,"Germany","2017-05-16 14:51:24+00:00",1
2023-01-01,20054960,"oro",134051,4234.4,1493.89171786124,473,"Singapore","2020-12-27 03:56:45+00:00",1
2023-01-01,14174951,"Heony",28664,6802.74,1493.88893693805,474,"South Korea","2019-03-28 14:48:10+00:00",1
2023-01-01,10487020,"Fractured",10300,8493.81,1493.75060174019,475,"United States","2017-07-11 03:00:53+00:00",1
2023-01-01,10586760,"Lemur Amore",17353,7622.65,1493.55414709557,476,"Argentina","2017-07-30 21:58:22+00:00",1
2023-01-01,13179722,"unicornlover",46735,6005.45,1493.21167316024,477,"Australia","2018-09-30 12:59:25+00:00",1
2023-01-01,9489702,"TypoFanGirl",14307,7948.96,1493.13105860948,478,"Sweden","2016-12-29 18:57:00+00:00",1
2023-01-01,18365259,"-- Waffle --",4864,9763.47,1493.09126108085,479,"Türkiye","2020-09-03 16:32:36+00:00",1
2023-01-01,12274556,"Stiffu",4605,9852.89,1492.91229222788,480,"Finland","2018-05-15 13:44:45+00:00",2
2023-01-01,10685608,"stealfth",25486,6995.34,1492.87792407557,481,"Denmark","2017-08-17 18:44:14+00:00",2
2023-01-01,12000291,"wRoNk",16053,7753.93,1492.77488149351,482,"India","2018-03-30 13:04:22+00:00",1
2023-01-01,15975275,"NEW GOD",7883,8925.39,1492.7281436067,483,"South Korea","2020-01-13 14:15:36+00:00",2
2023-01-01,14261342,"Chickennnnnnnn",16012,7757.95,1492.54894096342,484,"Hong Kong","2019-04-12 15:15:34+00:00",1
2023-01-01,2779077,"Jayson Todd",9227,8663.9,1492.43192042151,485,"United States","2013-06-09 21:08:25+00:00",1
2023-01-01,8310156,"Igorko",38938,6301.76,1492.40861782693,486,"Ukraine","2016-04-24 18:03:09+00:00",2
2023-01-01,13182910,"XD piranha",3862,10165.2,1492.39867642545,487,"United States","2018-09-30 23:55:13+00:00",1
2023-01-01,10590105,"xunev",12969,8116.16,1492.20763036263,488,"Belarus","2017-07-31 15:46:19+00:00",1
2023-01-01,15038779,"Dicha",7060,9112.08,1492.083347745,489,"South Korea","2019-08-22 14:39:38+00:00",1
2023-01-01,16107091,"MKxiao",35004,6475.39,1491.89863027775,490,"China","2020-02-02 03:03:34+00:00",1
2023-01-01,8501053,"ShaBae",9383,8636.23,1491.77308107219,491,"New Zealand","2016-06-03 10:42:38+00:00",1
2023-01-01,12067831,"MC_Conqueror",4421,9935.2,1491.77257976217,492,"United States","2018-04-10 23:23:10+00:00",1
2023-01-01,3062998,"rollpan",941,12664,1491.59184485175,493,"Japan","2013-08-03 11:34:39+00:00",10
2023-01-01,8484023,"Stipoki",72813,5278.26,1491.49032888649,494,"Germany","2016-05-30 15:22:07+00:00",3
2023-01-01,13942593,"TramvaI",38911,6301.98,1491.31418985198,495,"Russian Federation","2019-02-15 15:52:59+00:00",2
2023-01-01,10131469,"Suddenly Josh",16588,7697.15,1491.11323910283,496,"United States","2017-04-30 10:17:59+00:00",1
2023-01-01,12060584,"atac48",21360,7284.27,1491.04894096342,497,"Hong Kong","2018-04-09 14:20:46+00:00",1
2023-01-01,19744046,"FestivalFour179",29695,6743.26,1490.94203399409,498,"Spain","2020-12-08 13:48:25+00:00",4
2023-01-01,17896478,"distressed",10189,8509.96,1490.88442299118,499,"Taiwan","2020-07-29 10:18:34+00:00",1
2023-01-01,11611550,"[ ] [ ]",16074,7752.44,1490.4907337524,500,"South Korea","2018-01-24 19:54:18+00:00",1
2023-01-01,8191845,"Stage",6162,9360.7,1490.45389844349,501,"United States","2016-04-02 19:56:33+00:00",1
2023-01-01,11848456,"Zerinh0w0",13419,8061.96,1490.31721058404,502,"Brazil","2018-03-04 07:57:48+00:00",1
2023-01-01,1097352,"Multtari",8063,8886.48,1490.03304222788,503,"Finland","2011-09-17 16:55:57+00:00",2
2023-01-01,20584083,"Halleyakutake",118653,4453.85,1490.02470119082,504,"Philippines","2021-01-25 08:31:51+00:00",1
2023-01-01,15799219,"Emgaibodoiqua",62470,5526.08,1490,505,"Vietnam","2019-12-20 12:29:01+00:00",1
2023-01-01,17064456,"Potatoer",93504,4861.1,1490,506,"Vietnam","2020-05-15 14:23:13+00:00",1
2023-01-01,21356103,"qazz6",99388,4758.99,1489.91773863636,507,"India","2021-02-24 17:57:23+00:00",1
2023-01-01,11033243,"Rentai",33347,6555.19,1489.79455778415,508,"United States","2017-10-20 23:40:34+00:00",1
2023-01-01,17258960,"BitterHeat",29864,6734.42,1489.78431222218,509,"United Kingdom","2020-06-02 11:47:54+00:00",15
2023-01-01,15977117,"thepersonwhodie",10166,8513.58,1489.70894707524,510,"Canada","2020-01-13 19:38:55+00:00",1
2023-01-01,10919861,"murun_",2466,10921.9,1489.65048753996,511,"Mongolia","2017-09-29 11:35:06+00:00",1
2023-01-01,3538079,"Rainty",24510,7060.6,1489.57362434632,512,"Taiwan","2013-11-03 11:28:52+00:00",1
2023-01-01,12445943,"Swek",17100,7647.59,1489.41176470588,513,"Portugal","2018-06-10 11:55:06+00:00",2
2023-01-01,3096297,"Kavash",19675,7417.23,1489.26843280985,514,"Australia","2013-08-09 11:22:48+00:00",1
2023-01-01,11262442,"teayeonn",2488,10901.6,1489.24078168861,515,"Türkiye","2017-12-01 22:19:24+00:00",1
2023-01-01,15256896,"foe",18461,7519.99,1489.1352171248,516,"United States","2019-09-27 05:51:33+00:00",1
2023-01-01,18352115,"Tey",42076,6174.67,1489.06847987379,517,"Germany","2020-09-02 16:06:25+00:00",6
2023-01-01,17978570,"-[ Dreepy ]-",7080,9105.91,1489.05549299855,518,"Indonesia","2020-08-05 01:39:37+00:00",1
2023-01-01,11882491,"deathside",9345,8642.34,1488.71167316024,519,"South Korea","2018-03-10 06:58:24+00:00",1
2023-01-01,19034752,"Wooter White",20951,7314.14,1488.51567399409,520,"Poland","2020-10-25 10:58:20+00:00",1
2023-01-01,18198388,"Sidtothestars",18525,7515.42,1488.47587646546,521,"United States","2020-08-22 07:38:57+00:00",1
2023-01-01,10845761,"frewayk",20063,7385.92,1488.38171159111,522,"Italy","2017-09-14 19:02:28+00:00",2
2023-01-01,19579091,"Crabbbyy",3622,10263.2,1488.04894096342,523,"Germany","2020-11-28 13:41:50+00:00",1
2023-01-01,8174555,"Atakan",24335,7070.23,1487.96167316024,524,"Türkiye","2016-03-30 14:29:14+00:00",1
2023-01-01,20435329,"begl",20065,7384.99,1487.81653580612,525,"United States","2021-01-17 21:29:27+00:00",1
2023-01-01,14090438,"UnveiledGolem",8666,8762.95,1487.76982885069,526,"Netherlands","2019-03-13 18:02:34+00:00",1
2023-01-01,15339747,"SERBIATRUCKER13",142,16252.3,1487.58478764395,527,"Germany","2019-10-11 16:14:03+00:00",2
2023-01-01,14486437,"xtxa",31384,6656.52,1487.5437968278,528,"United Kingdom","2019-05-16 20:19:23+00:00",15
2023-01-01,19572472,"crybabymaster70",31126,6670.47,1487.21167316024,529,"Brazil","2020-11-28 02:50:42+00:00",1
2023-01-01,26834578,"MortenvdG",26999,6902.01,1487.16755833368,530,"Netherlands","2021-10-28 15:35:53+00:00",1
2023-01-01,9112162,"xSalcedo",32282,6609.5,1487.125575667,531,"Colombia","2016-10-11 03:25:12+00:00",1
2023-01-01,13602761,"- HatsuneMiku -",67994,5388.51,1486.97537757303,532,"Russian Federation","2018-12-18 17:42:49+00:00",4
2023-01-01,14548572,"HG-Gaming",13942,7999.78,1486.83738580406,533,"United Arab Emirates","2019-05-26 15:41:13+00:00",3
2023-01-01,15191413,"Karen Kujo",71114,5316.13,1486.49785448744,534,"United Kingdom","2019-09-15 14:39:40+00:00",1
2023-01-01,15371872,"silversnake",6682,9218.48,1486.08288695177,535,"Russian Federation","2019-10-17 09:42:42+00:00",1
2023-01-01,17684409,"ValeAsterisk",10307,8492.96,1485.95935692462,536,"United States","2020-07-11 00:15:46+00:00",2
2023-01-01,13195585,"Razak_",51436,5845.56,1485.89184088895,537,"Kyrgyzstan","2018-10-03 16:21:53+00:00",1
2023-01-01,23124445,"meowmeowmmeowme",9973,8540.4,1485.8385138281,538,"United States","2021-05-02 20:32:11+00:00",1
2023-01-01,18261224,"V0ltz__",19757,7411.52,1485.71167316024,539,"Brazil","2020-08-26 20:21:23+00:00",1
2023-01-01,16346970,"anhnhatbui",33143,6565.76,1485.36054836473,540,"Vietnam","2020-03-07 07:20:23+00:00",4
2023-01-01,9927583,"Akayu",109007,4602.25,1485.17917316876,541,"United States","2017-03-20 19:59:43+00:00",1
2023-01-01,5045440,"- S a y o -",15286,7840.29,1485.04894096342,542,"Hong Kong","2014-10-13 13:04:33+00:00",1
2023-01-01,12182913,"suppejeger",138815,4170.31,1485.00981575244,543,"Norway","2018-04-29 20:19:41+00:00",6
2023-01-01,15413621,"pregnant",12841,8133.26,1484.95002805296,544,"Netherlands","2019-10-24 21:49:56+00:00",1
2023-01-01,12540789,"Dynam1cNET",12216,8215.68,1484.94183665457,545,"Germany","2018-06-25 18:34:37+00:00",1
2023-01-01,11789369,"-LKN",9449,8623.73,1484.88794641098,546,"Brazil","2018-02-22 13:59:11+00:00",1
2023-01-01,11155994,"THE WOAT",24649,7050.44,1484.51983250942,547,"Estonia","2017-11-13 12:43:10+00:00",1
2023-01-01,20233547,"Naw Nvm",34135,6517.79,1484.44175051406,548,"Canada","2021-01-06 19:26:35+00:00",4
2023-01-01,23241267,"St3ve3e",104027,4680.94,1484.31041547654,549,"Germany","2021-05-07 19:41:05+00:00",1
2023-01-01,17124116,"MetalRain027",54158,5760.7,1484.17903534161,550,"South Africa","2020-05-21 07:57:01+00:00",2
2023-01-01,17866322,"boccher gaming",25636,6984.1,1483.90028937871,551,"Canada","2020-07-26 22:13:29+00:00",1
2023-01-01,7472155,"monkey1534",26437,6935.15,1483.46167316024,552,"Germany","2015-11-26 12:10:12+00:00",1
2023-01-01,23170418,"Guremi",46602,6009.94,1483.3682109116,553,"Indonesia","2021-05-04 19:42:38+00:00",5
2023-01-01,4525103,"babali",53401,5783.55,1483.33333333333,554,"Türkiye","2014-06-14 08:57:38+00:00",1
2023-01-01,2800253,"fnayR",14622,7911.55,1483.31081205418,555,"Indonesia","2013-06-13 14:35:30+00:00",6
2023-01-01,16149779,"Yudek",22338,7209.62,1483.22080933745,556,"Belarus","2020-02-08 07:53:07+00:00",1
2023-01-01,7457522,"_Xaina",14952,7873.24,1483.20115119074,557,"United States","2015-11-23 07:11:38+00:00",1
2023-01-01,21771960,"gaslight",12823,8134.75,1483.03934799241,558,"Australia","2021-03-13 07:35:48+00:00",1
2023-01-01,3193403,"Steeeb",29299,6767.24,1482.92499221493,559,"United States","2013-08-26 23:27:24+00:00",1
2023-01-01,19569815,"- h -",76918,5186.8,1482.83986138128,560,"Colombia","2020-11-27 22:41:18+00:00",1
2023-01-01,10543853,"ryne",16109,7750.23,1482.7339461521,561,"Russian Federation","2017-07-22 16:32:33+00:00",1
2023-01-01,10463581,"faisal_potato",18675,7504.17,1482.70573624436,562,"Jordan","2017-07-06 12:50:51+00:00",2
2023-01-01,8001023,"kolise",47528,5978.17,1482.60966353447,563,"Russian Federation","2016-02-26 17:28:20+00:00",1
2023-01-01,14172691,"big lobster",12472,8182.72,1482.5418105314,564,"United States","2019-03-28 02:06:33+00:00",1
2023-01-01,7814390,"PikMike",27852,6848.65,1482.49066722788,565,"Russian Federation","2016-01-23 21:40:06+00:00",2
2023-01-01,11272208,"Otogibara",16160,7742.07,1482.01383572736,566,"Philippines","2017-12-03 07:33:45+00:00",1
2023-01-01,15701343,"Lightningfox",7012,9124.97,1481.96876964342,567,"Sweden","2019-12-06 17:54:17+00:00",5
2023-01-01,11575088,"[Prax]",19337,7442.31,1481.88246987206,568,"United States","2018-01-19 09:47:46+00:00",1
2023-01-01,24454271,"Filoxen",100131,4746.26,1481.50075059694,569,"Ukraine","2021-07-04 16:02:01+00:00",1
2023-01-01,18789828,"Smol Ina",39789,6267.09,1481.45327261939,570,"Romania","2020-10-06 06:59:31+00:00",1
2023-01-01,5394681,"Boolmaster Flex",29551,6752.05,1481.22312921272,571,"United States","2014-12-21 02:46:54+00:00",1
2023-01-01,8246329,"Tazeqq",23305,7142.45,1481.21167316024,572,"Poland","2016-04-12 17:57:00+00:00",1
2023-01-01,20549600,"Konzid",9352,8641.34,1481.103582146,573,"United Kingdom","2021-01-23 14:23:27+00:00",1
2023-01-01,7945343,"232333",19257,7450.01,1480.98953936866,574,"China","2016-02-16 01:07:03+00:00",1
2023-01-01,18480113,"euouae",99053,4763.8,1480.98632964088,575,"Philippines","2020-09-12 03:32:41+00:00",1
2023-01-01,11036201,"CrunchyLeaf",47364,5983.49,1480.8639901631,576,"New Zealand","2017-10-21 12:25:59+00:00",1
2023-01-01,9548110,"Saturas",11944,8251,1480.63352941592,577,"Poland","2017-01-08 18:33:39+00:00",2
2023-01-01,9586445,"kailburn",10894,8407.08,1480.6025396763,578,"South Korea","2017-01-16 04:10:22+00:00",1
2023-01-01,21404004,"WheelsWaz",100330,4743.34,1480.56378855338,579,"United States","2021-02-26 16:41:11+00:00",1
2023-01-01,11804019,"Christiaaan",2425,10947.6,1480.54894096342,580,"Germany","2018-02-24 19:55:53+00:00",1
2023-01-01,21586994,"Heavymetal4life",23630,7117.71,1480.46167316024,581,"Netherlands","2021-03-06 02:02:54+00:00",1
2023-01-01,20160331,"ReutoMyMommy",49448,5911.45,1480.2695,582,"Indonesia","2021-01-02 12:52:51+00:00",2
2023-01-01,13640072,"johnpaul420",23739,7109.43,1480.11623631191,583,"United Kingdom","2018-12-24 19:57:56+00:00",15
2023-01-01,16644505,"Vojooooooo",2263,11093.3,1480.11198004706,584,"Germany","2020-04-07 17:44:17+00:00",9
2023-01-01,3859899,"Kut",25752,6976.79,1479.95002805296,585,"Netherlands","2014-01-11 21:03:28+00:00",1
2023-01-01,14487707,"APex120415",61964,5539.88,1479.9330110054,586,"Malaysia","2019-05-17 01:29:51+00:00",1
2023-01-01,14520123,"Mains",26478,6932.98,1479.57773491439,587,"United States","2019-05-22 02:42:21+00:00",7
2023-01-01,18670029,"AZENTIK",78912,5144.04,1479.45176879763,588,"Russian Federation","2020-09-26 08:35:22+00:00",1
2023-01-01,22678108,"lolopascontent",18317,7533.74,1479.3349342514,589,"France","2021-04-14 18:35:02+00:00",2
2023-01-01,24417636,"Piger",73279,5267.77,1479.28490476333,590,"Russian Federation","2021-07-02 18:47:42+00:00",1
2023-01-01,17521553,"_l_",25383,7002.32,1479.2451072347,591,"United States","2020-06-25 22:43:26+00:00",1
2023-01-01,11066200,"hats",22509,7199.44,1479.24505861705,592,"Singapore","2017-10-27 10:36:23+00:00",3
2023-01-01,3834721,"ggfwk",9674,8585.75,1479.04894096342,593,"Hong Kong","2014-01-06 07:47:48+00:00",1
2023-01-01,16824668,"SlushiminT",44466,6085.78,1478.81159055953,594,"Indonesia","2020-04-23 08:12:30+00:00",1
2023-01-01,16466999,"BloodBath",37190,6376.72,1478.59612976225,595,"Romania","2020-03-21 16:18:29+00:00",1
2023-01-01,20799468,"Skulf",19917,7395.87,1478.58632964088,596,"Philippines","2021-02-03 17:14:56+00:00",1
2023-01-01,12287191,"Aubrey-",15712,7791.02,1478.58576657535,597,"United States","2018-05-17 22:36:23+00:00",1
2023-01-01,13439989,"CrossKi",30406,6707.02,1478.55414709557,598,"Argentina","2018-11-18 05:41:51+00:00",1
2023-01-01,12011021,"unknownpattern",13757,8020.98,1477.92642591601,599,"United States","2018-04-01 03:29:34+00:00",1
2023-01-01,10825812,"Yasui",2259,11095.7,1477.84094473031,600,"Germany","2017-09-10 15:04:47+00:00",1
2023-01-01,21949849,"NubeX",16263,7731.06,1477.73869083011,601,"Mexico","2021-03-20 10:08:20+00:00",5
2023-01-01,9667334,"SiematorPL",49293,5917.9,1477.46167316024,602,"Poland","2017-01-31 15:56:38+00:00",1
2023-01-01,18102646,"why_n0t",19586,7425.28,1477.44183665457,603,"Poland","2020-08-14 22:23:42+00:00",1
2023-01-01,22690359,"Hetzer357",11157,8364.69,1477.38632964088,604,"Philippines","2021-04-15 06:56:46+00:00",1
2023-01-01,28214037,"MatalisFanGirl",17586,7600.77,1477.26708525667,605,"United States","2022-01-12 02:00:52+00:00",1
2023-01-01,13210616,"MrKeksik",36518,6407.1,1477.25228712348,606,"Russian Federation","2018-10-06 10:25:54+00:00",3
2023-01-01,14433680,"YesRooster",33022,6571.48,1476.66938879686,607,"Norway","2019-05-09 18:30:39+00:00",2
2023-01-01,26627197,"NBWKelleR",204893,3440.61,1476.66666666667,608,"Germany","2021-10-18 21:06:17+00:00",1
2023-01-01,5701369,"diciestaking",3636,10253.6,1476.60920274124,609,"United States","2015-01-20 20:22:39+00:00",1
2023-01-01,11847973,"coolnuck210",2336,11031.2,1476.60774459733,610,"United States","2018-03-04 05:52:50+00:00",1
2023-01-01,6491662,"mirurin_",34571,6496.58,1476.55414267079,611,"Belarus","2015-05-20 15:14:35+00:00",1
2023-01-01,14183344,"RoVnDaskE",9340,8643.91,1476.41815667842,612,"Russian Federation","2019-03-30 00:16:28+00:00",1
2023-01-01,4578623,"Pictures",16964,7660.98,1476.41128995271,613,"Australia","2014-06-26 13:09:54+00:00",1
2023-01-01,12609866,"ShadeCegLgMn",104700,4670.23,1476.18632964088,614,"Hong Kong","2018-07-07 12:14:56+00:00",1
2023-01-01,3607627,"lordvader89a",48633,5940.25,1476.04894096342,615,"Germany","2013-11-17 00:10:09+00:00",1
2023-01-01,10743104,"timus123",30833,6684.55,1475.96167316024,616,"Russian Federation","2017-08-27 18:27:36+00:00",1
2023-01-01,21618923,"IRubix1",86431,4990.52,1475.73898690511,617,"Philippines","2021-03-07 08:28:49+00:00",1
2023-01-01,25009977,"BlackCrowGrows",145711,4079.28,1475.63202435065,618,"India","2021-07-29 04:55:44+00:00",1
2023-01-01,16976321,"Kulib",42384,6162.76,1475.53499391411,619,"China","2020-05-07 08:03:43+00:00",1
2023-01-01,15799171,"Platizem",68986,5364.56,1475.29411764706,620,"Singapore","2019-12-20 12:03:57+00:00",1
2023-01-01,8102178,"Trex",15020,7867.61,1475.28906327865,621,"United States","2016-03-16 23:54:40+00:00",1
2023-01-01,16346418,"_Lutanic",81846,5081.77,1475.28849790408,622,"United States","2020-03-07 05:17:39+00:00",1
2023-01-01,17929610,"NuggiesMyMommy",26665,6921.68,1475.24562073069,623,"United States","2020-07-31 23:35:16+00:00",2
2023-01-01,15044350,"[ RoneKu ]",27501,6871.44,1475.23224907814,624,"Taiwan","2019-08-23 10:14:26+00:00",1
2023-01-01,10989656,"diorytt",70860,5321.13,1475.17773857844,625,"Indonesia","2017-10-12 09:35:32+00:00",2
2023-01-01,17361242,"JBeatz24",103034,4696.76,1474.98632964088,626,"Philippines","2020-06-11 14:24:46+00:00",1
2023-01-01,13156947,"linnyowo",91178,4903.23,1474.94889248447,627,"South Africa","2018-09-26 11:14:22+00:00",2
2023-01-01,10776788,"[ Momoring ]",43311,6128.65,1474.78249685553,628,"South Korea","2017-09-02 04:01:18+00:00",1
2023-01-01,17525935,"banyy",10851,8412.18,1474.66952014794,629,"Poland","2020-06-26 10:22:46+00:00",1
2023-01-01,12532297,"[-Elaina-]",58364,5638.08,1474.31997731141,630,"Indonesia","2018-06-24 10:36:49+00:00",2
2023-01-01,17522084,"Miya_",44116,6099.65,1474.26843280985,631,"Argentina","2020-06-25 23:59:14+00:00",1
2023-01-01,9550257,"ToshiroKen",2326,11042.7,1474.01383572736,632,"Philippines","2017-01-09 04:15:14+00:00",1
2023-01-01,12045415,"FlLlPlNO",11050,8381.76,1473.97038195997,633,"United States","2018-04-07 03:10:01+00:00",1
2023-01-01,16716753,"Typeddiamond",2432,10943.8,1473.81275344823,634,"United States","2020-04-13 17:41:21+00:00",11
2023-01-01,4785993,"Terriama",16284,7729.3,1473.72147736181,635,"United Kingdom","2014-08-12 22:06:07+00:00",14
2023-01-01,9443743,"_Axyle_",28214,6829.22,1473.71167316024,636,"Russian Federation","2016-12-20 09:46:51+00:00",1
2023-01-01,18075313,"Neicho",57683,5657.21,1473.57107682592,637,"Chile","2020-08-12 19:47:31+00:00",2
2023-01-01,15476086,"Ky-S",29430,6759.63,1473.4513080044,638,"United States","2019-11-03 04:38:44+00:00",1
2023-01-01,2157578,"Crucival",18583,7510.75,1473.31104130063,639,"United States","2012-12-05 01:39:27+00:00",1
2023-01-01,14607172,"dabortion",22794,7178.17,1473.30961826268,640,"Australia","2019-06-05 11:56:56+00:00",1
2023-01-01,14436770,"LycaonMyHusband",37861,6346.12,1473.09453276244,641,"Singapore","2019-05-10 07:18:53+00:00",9
2023-01-01,25541603,"_McQueen",9400,8634.04,1473.04894096342,642,"Hong Kong","2021-08-26 13:07:41+00:00",1
2023-01-01,18443230,"bluudlost",46285,6021.57,1472.88184404796,643,"Vietnam","2020-09-09 12:51:24+00:00",1
2023-01-01,29317870,"shogunzxzxz",405930,2197.63,1472.77488149351,644,"India","2022-03-24 12:08:07+00:00",1
2023-01-01,18894701,"SyncMe",83184,5055.35,1472.65170064129,645,"United States","2020-10-14 22:51:22+00:00",1
2023-01-01,4795670,"Buizie",39607,6274.13,1472.58632964088,646,"Philippines","2014-08-15 04:50:58+00:00",1
2023-01-01,6561900,"NorteAdrud",38387,6322.72,1472.125575667,647,"Colombia","2015-06-04 14:33:58+00:00",1
2023-01-01,8549010,"Nanahira Lover",15394,7827.89,1472.01331003911,648,"Poland","2016-06-12 15:50:00+00:00",8
2023-01-01,12978497,"Tronamo",15672,7796.33,1471.68799664105,649,"Australia","2018-08-27 09:18:28+00:00",1
2023-01-01,10300115,"FiddleMinger",83649,5046.2,1471.38632964088,650,"Philippines","2017-06-03 13:13:22+00:00",1
2023-01-01,26615990,"yeeteens",165679,3834.71,1471.24821068103,651,"Singapore","2021-10-18 10:33:39+00:00",1
2023-01-01,8719956,"Seltor",37987,6340.62,1470.73910540025,652,"Switzerland","2016-07-18 06:40:42+00:00",2
2023-01-01,10996409,"Ragellia",5529,9548.23,1470.72490408679,653,"Poland","2017-10-13 17:28:16+00:00",2
2023-01-01,14920057,"KingKendo",106889,4635.76,1470.67367866327,654,"United States","2019-08-01 23:21:02+00:00",1
2023-01-01,14503827,"bebrograd",41418,6200.43,1470.14939924558,655,"Russian Federation","2019-05-19 06:50:53+00:00",1
2023-01-01,8165685,"shadevr",13969,7995.46,1470.10236720474,656,"Russian Federation","2016-03-28 17:00:24+00:00",1
2023-01-01,24707498,"Ogurizi",82164,5075.01,1470.08044845957,657,"China","2021-07-15 13:45:02+00:00",1
2023-01-01,29426345,"Gamillie",100761,4735.24,1470.07174009279,658,"Singapore","2022-04-01 07:12:30+00:00",1
2023-01-01,22820724,"Nijika Ijichi1",26346,6940.94,1470.06637501943,659,"Australia","2021-04-20 11:29:07+00:00",1
2023-01-01,10779439,"TypoIsALewdie",26583,6926.38,1470.05413553256,660,"Norway","2017-09-02 14:04:46+00:00",1
2023-01-01,19105150,"Maximum Impact",104398,4675.3,1470.02470119082,661,"Indonesia","2020-10-30 04:16:04+00:00",1
2023-01-01,12635292,"-Ichinose",114038,4522.8,1470.01383572736,662,"Philippines","2018-07-11 14:08:41+00:00",1
2023-01-01,3170543,"Cosseno",23633,7117.94,1470,663,"Brazil","2013-08-22 22:52:26+00:00",1
2023-01-01,17008037,"aaewool",21806,7250.26,1470,664,"South Korea","2020-05-10 08:12:56+00:00",1
2023-01-01,4095562,"bze",956,12644.6,1470,665,"Netherlands","2014-03-03 13:19:12+00:00",1
2023-01-01,15242224,"Huanzai",46102,6027.84,1470,666,"Taiwan","2019-09-24 10:43:15+00:00",1
2023-01-01,15173398,"ShiruoX",103528,4689.47,1469.98271852414,667,"Colombia","2019-09-12 19:29:36+00:00",1
2023-01-01,13805319,"HadesBlizz",76624,5193.57,1469.94183665457,668,"Germany","2019-01-21 14:52:21+00:00",1
2023-01-01,11558544,"RemTouk",20353,7362.06,1469.88747600412,669,"Belarus","2018-01-16 13:02:37+00:00",1
2023-01-01,8921554,"hlv",40321,6245.22,1469.55732830272,670,"Colombia","2016-08-29 01:49:00+00:00",4
2023-01-01,19039463,"Hexag_",51819,5833.53,1468.13413755915,671,"Poland","2020-10-25 17:49:33+00:00",5
2023-01-01,19233014,"Bateleur",15466,7818.84,1466.9355710559,672,"South Africa","2020-11-07 01:22:39+00:00",2
2023-01-01,9235127,"RedLen",73228,5268.7,1465.60971147442,673,"Indonesia","2016-11-06 04:47:49+00:00",5
2023-01-01,19521889,"Lash",48035,5960.6,1465.58786591858,674,"United States","2020-11-25 00:42:49+00:00",6
2023-01-01,12831353,"AlmondMal",45315,6054.25,1465.36522761032,675,"Singapore","2018-08-09 10:22:08+00:00",4
2023-01-01,14897847,"GreyChroma",53899,5767.39,1465.31233147267,676,"France","2019-07-28 17:18:15+00:00",2
2023-01-01,10649224,"greenyoshiyt",8844,8728.38,1464.75412221147,677,"Vietnam","2017-08-11 13:36:15+00:00",9
2023-01-01,24280511,"Withthebeat",61544,5550.71,1464.15428583603,678,"Australia","2021-06-26 00:22:54+00:00",5
2023-01-01,13503203,"Duckice",20947,7313.63,1462.70825054219,679,"Singapore","2018-11-30 06:10:33+00:00",9
2023-01-01,18441457,"Acropathy",19801,7406.9,1462.27308872561,680,"Australia","2020-09-09 09:11:20+00:00",3
2023-01-01,22729247,"GregTech",18437,7522.16,1462.05311606958,681,"Israel","2021-04-16 18:21:10+00:00",2
2023-01-01,17908427,"Icun",17466,7610.84,1461.98494027076,682,"Indonesia","2020-07-30 07:06:46+00:00",6
2023-01-01,7153533,"onkar",5505,9553.34,1460.80377222184,683,"Canada","2015-09-27 22:06:06+00:00",2
2023-01-01,12068522,"MumeiLover",13677,8029.56,1460.0442311024,684,"Vietnam","2018-04-11 03:42:00+00:00",10
2023-01-01,13319294,"Sai1kou",12585,8166.38,1459.89540815476,685,"Germany","2018-10-26 17:42:50+00:00",5
2023-01-01,7439525,"-BlazingFart-",19128,7462.23,1459.16541336415,686,"Vietnam","2015-11-20 06:29:12+00:00",2
2023-01-01,11612720,"glyph nyan osu",2959,10601.8,1458.9863278813,687,"United States","2018-01-25 00:31:40+00:00",8
2023-01-01,16705116,"Xation",86004,4999.34,1458.38096524925,688,"Malaysia","2020-04-12 17:05:22+00:00",13
2023-01-01,14156003,"PoduHaKyn",26446,6934.12,1457.6586536201,689,"Russian Federation","2019-03-24 20:08:33+00:00",2
2023-01-01,10996667,"Adam40505",23673,7115.23,1457.45321391304,690,"South Africa","2017-10-13 18:16:46+00:00",2
2023-01-01,16557587,"Annaki",24801,7039.31,1457.43664687083,691,"United Kingdom","2020-03-30 19:53:53+00:00",7
2023-01-01,17311699,"Random_cet",40621,6232.01,1457.29176118849,692,"Finland","2020-06-07 04:12:48+00:00",9
2023-01-01,14492815,"Nikko1502",15359,7831.82,1456.97178250057,693,"Poland","2019-05-17 19:49:48+00:00",4
2023-01-01,12223059,"Plugin",33974,6524.75,1456.81368662374,694,"Vietnam","2018-05-06 13:56:12+00:00",5
2023-01-01,6386735,"RevengeWolf",4728,9811.75,1455.66319940878,695,"Hong Kong","2015-04-29 06:58:47+00:00",9
2023-01-01,19132590,"tjukas",40075,6254.97,1455.59941043456,696,"Denmark","2020-10-31 19:38:45+00:00",4
2023-01-01,9504197,"Lycore",22306,7212.08,1455.46601229086,697,"Malaysia","2017-01-01 13:27:06+00:00",16
2023-01-01,10474988,"Mashima Himeko",6442,9283.05,1454.95803717344,698,"Indonesia","2017-07-08 17:06:19+00:00",5
2023-01-01,30678014,"MyAngelChicony",373458,2345.51,1454.85576244604,699,"Russian Federation","2022-07-13 16:37:45+00:00",4
2023-01-01,13571846,"Yukina Minato",2098,11226.8,1452.43135014395,700,"United Kingdom","2018-12-13 08:54:26+00:00",2
2023-01-01,13368273,"Wozu",26374,6938.73,1452.37888178128,701,"United States","2018-11-04 15:22:13+00:00",2
2023-01-01,3860334,"mikerex",200527,3481.18,1451.37589011728,702,"Argentina","2014-01-11 22:46:55+00:00",3
2023-01-01,11863174,"Frostleaf",13180,8089.67,1451.17472851779,703,"Vietnam","2018-03-07 01:54:45+00:00",6
2023-01-01,11760440,"-benzo",5215,9647.05,1451.00563028106,704,"Germany","2018-02-17 13:11:41+00:00",11
2023-01-01,9754897,"xUnk-n-own",109401,4595.69,1450.42150261496,705,"Argentina","2017-02-17 03:50:34+00:00",5
2023-01-01,12538697,"Lenny-",35779,6440.99,1448.55958268512,706,"United States","2018-06-25 11:51:42+00:00",2
2023-01-01,19788726,"D4ne_X",25707,6979.24,1448.19312961391,707,"Czechia","2020-12-11 11:01:33+00:00",5
2023-01-01,7009485,"BadAimBoi",1940,11365.8,1447.93358175768,708,"Poland","2015-08-29 14:51:42+00:00",5
2023-01-01,6286661,"Aya Maruyama",26672,6921.77,1447.87731941753,709,"Russian Federation","2015-04-07 14:50:34+00:00",3
2023-01-01,18638618,"roller",16553,7701.57,1447.33161511462,710,"Canada","2020-09-23 23:19:04+00:00",2
2023-01-01,18224888,"Clash of Clans",5028,9708.27,1447.24663728115,711,"Hong Kong","2020-08-24 07:39:23+00:00",9
2023-01-01,18131614,"polski1",1960,11338.4,1446.19854229977,712,"United Kingdom","2020-08-17 05:20:58+00:00",5
2023-01-01,22232975,"BsTT",27355,6880.16,1445.29842245398,713,"United States","2021-03-29 03:55:58+00:00",5
2023-01-01,13929161,"svaysvay",41523,6196.49,1444.71447681704,714,"Germany","2019-02-13 14:42:47+00:00",4
2023-01-01,22420629,"chloescent",41190,6209.88,1444.36997514395,715,"United Kingdom","2021-04-04 16:12:52+00:00",2
2023-01-01,14223852,"iceGOD",61540,5550.76,1443.89334220643,716,"Portugal","2019-04-06 09:49:48+00:00",5
2023-01-01,15451297,"Shi",48806,5934.32,1443.50700295864,717,"United Kingdom","2019-10-30 18:50:51+00:00",3
2023-01-01,4525240,"Gumpy",71037,5317.44,1442.81754222788,718,"Norway","2014-06-14 09:38:55+00:00",2
2023-01-01,12192216,"MonsieurVentox",22168,7221.52,1441.21312095645,719,"Germany","2018-05-01 08:46:47+00:00",12
2023-01-01,6489819,"-Kusakabe-",11914,8255.73,1440.97484456967,720,"Vietnam","2015-05-20 03:17:18+00:00",6
2023-01-01,9685975,"Okayu ASMR",71534,5306.82,1440.73582546635,721,"United States","2017-02-04 06:38:08+00:00",22
2023-01-01,13402768,"Halffive",182273,3656.13,1440.38982762225,722,"United States","2018-11-11 05:08:31+00:00",4
2023-01-01,9569443,"Fuwarin",92318,4882.89,1439.90507222363,723,"Kazakhstan","2017-01-13 08:57:14+00:00",12
2023-01-01,17285852,"chirumiru",69323,5357.19,1439.60088753996,724,"Poland","2020-06-04 20:26:18+00:00",3
2023-01-01,20651295,"Angel Devil",28534,6810.86,1436.4084156462,725,"United States","2021-01-28 08:40:35+00:00",6
2023-01-01,15643336,"KimikaTachibana",56751,5685.53,1435.94408088782,726,"Estonia","2019-11-28 12:42:34+00:00",3
2023-01-01,13332111,"das12344321",58427,5636.47,1435.31084470263,727,"Poland","2018-10-28 18:19:54+00:00",4
2023-01-01,12834207,"Cartoonknight",25669,6982.24,1435.2170402706,728,"United States","2018-08-09 18:49:03+00:00",4
2023-01-01,9468744,"rixope",7007,9124.2,1434.36020207151,729,"Austria","2016-12-25 11:26:16+00:00",10
2023-01-01,8186536,"Meow_Son",14353,7942.79,1432.20156953865,730,"Taiwan","2016-04-01 23:51:12+00:00",9
2023-01-01,8266808,"[Boy]DaLat",2459,10925.2,1431.12679487912,731,"Vietnam","2016-04-16 14:48:20+00:00",9
2023-01-01,12849730,"Miinn_",3581,10284.3,1430.23769885251,732,"Vietnam","2018-08-11 04:44:18+00:00",9
2023-01-01,23666457,"Eleiko",47283,5985.8,1426.5408997092,733,"Singapore","2021-05-26 02:54:48+00:00",3
2023-01-01,20133312,"WallRuss",50438,5878.87,1424.56710422855,734,"Indonesia","2020-12-31 19:22:35+00:00",4
2023-01-01,19651073,"Pinwii",59462,5606.89,1423.88656342535,735,"Colombia","2020-12-02 23:29:57+00:00",5
2023-01-01,11332703,"PoSharTo",9490,8617.06,1423.84173262396,736,"Ireland","2017-12-13 17:27:21+00:00",5
2023-01-01,14913109,"Fgam3r",77836,5167.81,1422.14717770794,737,"Netherlands","2019-07-31 16:08:38+00:00",7
2023-01-01,17709282,"-Toketsu",3109,10518.9,1421.77122142746,738,"Austria","2020-07-13 06:39:11+00:00",10
2023-01-01,24442298,"niksx",13287,8076.34,1420.97721955247,739,"Malaysia","2021-07-03 23:43:15+00:00",16
2023-01-01,2905026,"The_Last_Noise",28843,6792.76,1420.90307187154,740,"Taiwan","2013-07-04 09:56:21+00:00",4
2023-01-01,16587039,"IFierz",105350,4659.38,1418.97212358764,741,"Indonesia","2020-04-02 14:01:05+00:00",5
2023-01-01,10336501,"Jan119",10885,8409.14,1413.96671374258,742,"Germany","2017-06-10 19:34:07+00:00",9
2023-01-01,27034705,"Shar7ak",1273198,587.007,1412.14552456013,743,"Belarus","2021-11-06 13:57:24+00:00",3
2023-01-01,19410017,"cough fart",28914,6788.72,1410.12343876146,744,"United States","2020-11-18 01:50:00+00:00",9
2023-01-01,10523453,"Rubikson",13943,7999.32,1406.38838334639,745,"Hong Kong","2017-07-18 15:47:41+00:00",9
2023-01-01,11307733,"nemroz",412,14208.9,1405.42063626641,746,"United States","2017-12-09 13:23:39+00:00",8
2023-01-01,12876492,"chimkun",8641,8767.52,1402.23873447232,747,"Vietnam","2018-08-13 13:20:20+00:00",6
2023-01-01,4266157,"Sosios",42639,6154.07,1400.22599249219,748,"France","2014-04-15 10:19:20+00:00",4
2023-01-01,7924976,"Futoracle",41826,6185,1397.99527539312,749,"Vietnam","2016-02-12 13:10:11+00:00",10
2023-01-01,16725953,"NHaiAnh07",16240,7733.54,1396.01321149567,750,"Vietnam","2020-04-14 13:29:17+00:00",15
2023-01-01,17950866,"Kreo Lzz",10791,8420.36,1393.61430048224,751,"Chile","2020-08-02 19:53:26+00:00",7
2023-01-01,19035308,"SorrowUWAA",16456,7710.21,1387.2821062413,752,"Vietnam","2020-10-25 11:53:40+00:00",18
2023-01-01,15375919,"Law__",36999,6385.19,1386.76226819407,753,"Malaysia","2019-10-18 04:37:54+00:00",16
2023-01-01,16212851,"JustMango",7887,8924.71,1384.86186695602,754,"Vietnam","2020-02-17 01:21:04+00:00",9
2023-01-01,19932256,"D1vel",39454,6281.16,1384.7591694965,755,"Russian Federation","2020-12-19 21:30:41+00:00",4
2023-01-01,17807335,"Vac4ncy",64937,5463.35,1384.71749386537,756,"Indonesia","2020-07-21 19:30:51+00:00",4
2023-01-01,11184264,"Applett",898,12774.3,1384.03061538963,757,"Australia","2017-11-18 08:12:45+00:00",4
2023-01-01,14977332,"CENSOLED",33155,6565.18,1379.11904509927,758,"Japan","2019-08-12 09:43:04+00:00",9
2023-01-01,11901115,"R E S O L V E D",17911,7570.41,1377.33306701909,759,"Vietnam","2018-03-13 02:35:41+00:00",21
2023-01-01,12446486,"Kereminho",28939,6787.64,1374.16963486107,760,"Germany","2018-06-10 13:36:36+00:00",9
2023-01-01,12139352,"NeoPixel201",6564,9247.58,1372.38146889992,761,"United Kingdom","2018-04-22 17:27:36+00:00",13
2023-01-01,13600612,"Its not Marvin",48003,5961.73,1369.14560865204,762,"Malaysia","2018-12-18 08:45:23+00:00",17
2023-01-01,13126698,"Pingu uwu",20383,7359.66,1368.85201361929,763,"Vietnam","2018-09-21 09:26:38+00:00",10
2023-01-01,13935409,"Hardstcukc",4007,10107.3,1367.5589916228,764,"France","2019-02-14 11:12:36+00:00",10
2023-01-01,20748423,"Kirnwa",34044,6521.23,1364.02049175856,765,"Vietnam","2021-02-01 12:48:03+00:00",9
2023-01-01,19026367,"Cossin",1667,11633.6,1357.21073899452,766,"Poland","2020-10-24 20:38:44+00:00",5
2023-01-01,11225861,"-pek",26906,6907.82,1355.72847071854,767,"Vietnam","2017-11-25 09:05:54+00:00",11
2023-01-01,16465883,"oranz21",10804,8416.95,1355.30516637061,768,"Vietnam","2020-03-21 13:54:27+00:00",18
2023-01-01,4991273,"Chheng",1938,11367.5,1350.61384381664,769,"United States","2014-10-01 02:39:18+00:00",10
2023-01-01,17310248,"Jordan Farmar",5927,9429.76,1349.6732865624,770,"Canada","2020-06-07 00:28:20+00:00",6
2023-01-01,14411486,"[Fubuki]",58125,5644.86,1349.53298255142,771,"Malaysia","2019-05-06 04:46:20+00:00",16
2023-01-01,7668033,"Salt-unoki",18217,7541.77,1348.69610420794,772,"Vietnam","2015-12-31 07:33:07+00:00",18
2023-01-01,14030918,"i luv Nadeshiko",79734,5126.02,1344.7100777232,773,"Vietnam","2019-03-03 07:24:11+00:00",11
2023-01-01,9587896,"SIay",18358,7529.34,1341.04922571337,774,"Vietnam","2017-01-16 12:57:17+00:00",8
2023-01-01,17865200,"Sayuuu_",5163,9660.79,1340.98648844851,775,"Hong Kong","2020-07-26 20:08:23+00:00",10
2023-01-01,2214422,"1chimaru",18816,7489.72,1340.90303648221,776,"Malaysia","2012-12-25 18:52:21+00:00",16
2023-01-01,10722794,"Inquisitives",1613,11695.9,1338.26580016725,777,"Singapore","2017-08-24 11:45:21+00:00",7
2023-01-01,11502817,"Predatoe",28518,6812.61,1327.31887841937,778,"United Kingdom","2018-01-07 20:08:26+00:00",13
2023-01-01,12869672,"MDW",18392,7525.8,1327.09306567215,779,"Germany","2018-08-12 19:07:13+00:00",22
2023-01-01,12635653,"- Hanairo -",54578,5747.86,1326.30376273649,780,"Vietnam","2018-07-11 15:12:05+00:00",9
2023-01-01,12387359,"Legitted",4562,9867.97,1325.41840494535,781,"Hong Kong","2018-06-02 06:08:17+00:00",9
2023-01-01,14065788,"PolKet",51745,5835.52,1321.36625287127,782,"Vietnam","2019-03-09 11:18:39+00:00",22
2023-01-01,7662077,"KazutoGGO",21408,7279.44,1312.54735336111,783,"Vietnam","2015-12-30 08:08:16+00:00",9
2023-01-01,15873129,"Outmod",61305,5556.81,1305.3237045648,784,"United Kingdom","2019-12-30 01:10:48+00:00",15
2023-01-01,19595188,"Rayydex",39383,6283.69,1300.5419881541,785,"Germany","2020-11-29 12:32:12+00:00",11
2023-01-01,19564769,"HeyaFriend_",5817,9463.26,1294.07098422268,786,"United Kingdom","2020-11-27 17:06:35+00:00",10
2023-01-01,13876510,"NirtroR",10098,8524.53,1292.60646198214,787,"Japan","2019-02-03 05:39:51+00:00",9
2023-01-01,10332811,"ByeDreamZ",8378,8819.57,1290.64184215867,788,"Germany","2017-06-10 05:22:06+00:00",20
2023-01-01,12351533,"HosizoraN",11112,8372.36,1287.06665322548,789,"Vietnam","2018-05-28 07:22:58+00:00",16
2023-01-01,3999924,"ManzMalaya",63088,5509.69,1286.94813253383,790,"Malaysia","2014-02-11 15:29:49+00:00",16
2023-01-01,1846894,"Jin32",32588,6593.87,1286.87540227383,791,"Germany","2012-08-16 14:32:20+00:00",11
2023-01-01,19662107,"Tiffancy",14037,7988.24,1285.1930715116,792,"Germany","2020-12-03 16:35:38+00:00",12
2023-01-01,15652056,"Rezza_",176258,3719.29,1285.12572181583,793,"United Kingdom","2019-11-29 18:13:05+00:00",8
2023-01-01,16274214,"[kaz]",57668,5657.68,1278.00187332751,794,"Germany","2020-02-25 20:48:35+00:00",9
2023-01-01,20608807,"RADzz12",37406,6366.17,1270.61294859664,795,"Malaysia","2021-01-26 13:17:06+00:00",16
2023-01-01,11938718,"Meowy_KL",26909,6908.59,1256.07234591135,796,"Malaysia","2018-03-19 13:24:01+00:00",16
2023-01-01,9931217,"- Fubukiii",11934,8252.53,1244.68723798867,797,"Vietnam","2017-03-21 15:59:16+00:00",18
2023-01-01,21939379,"ngocduy810",67322,5405.14,1241.10020164972,798,"Vietnam","2021-03-19 23:24:42+00:00",18
2023-01-01,29460766,"TheGlobalLegend",12122,8227,1237.68667487095,799,"United Kingdom","2022-04-03 10:04:12+00:00",15
2023-01-01,17958161,"GTR-R34",122318,4400.18,1237.10086923775,800,"Germany","2020-08-03 11:42:33+00:00",10
2023-01-01,14607058,"FlameOnMe",42962,6142.73,1203.80620396948,801,"Japan","2019-06-05 11:31:16+00:00",18
2023-01-01,12086495,"Rumah",113098,4537.54,1189.6710191496,802,"Malaysia","2018-04-14 05:36:34+00:00",16
